timestamp,temperature_f,humidity,wind_speed_mph,precipitation_in,weather_condition
2023-06-01 00:00:00,61.6,52.4,7.6,0.0,Clear
2023-06-01 01:00:00,64.1,40.9,0.4,0.0,Clear
2023-06-01 02:00:00,61.4,52.9,10.4,0.0,Clear
2023-06-01 03:00:00,63.2,32.9,5.6,0.0,Partly Cloudy
2023-06-01 04:00:00,62.7,74.7,8.2,0.0,Partly Cloudy
2023-06-01 05:00:00,63.2,53.2,10.7,0.0,Partly Cloudy
2023-06-01 06:00:00,67.3,63.8,5.7,0.0,Clear
2023-06-01 07:00:00,68.6,52.6,3.1,0.0,Partly Cloudy
2023-06-01 08:00:00,70.2,60.9,2.2,0.0,Clear
2023-06-01 09:00:00,65.0,53.7,6.8,0.0,Clear
2023-06-01 10:00:00,72.3,20,12.9,0.0,Partly Cloudy
2023-06-01 11:00:00,67.8,51.3,13.6,0.0,Partly Cloudy
2023-06-01 12:00:00,75.5,67.0,5.0,0.0,Cloudy
2023-06-01 13:00:00,71.4,47.9,6.4,0.0,Clear
2023-06-01 14:00:00,78.5,67.5,13.7,0.0,Fog
2023-06-01 15:00:00,75.2,43.5,14.1,0.0,Clear
2023-06-01 16:00:00,74.1,58.8,6.7,0.0,Clear
2023-06-01 17:00:00,74.7,71.6,5.3,0.0,Partly Cloudy
2023-06-01 18:00:00,65.7,75.3,5.0,0.29,Rain
2023-06-01 19:00:00,70.1,54.7,3.8,0.0,Partly Cloudy
2023-06-01 20:00:00,61.3,94.4,11.0,0.0,Cloudy
2023-06-01 21:00:00,69.2,36.5,2.9,0.0,Partly Cloudy
2023-06-01 22:00:00,62.6,46.6,4.3,0.0,Partly Cloudy
2023-06-01 23:00:00,61.6,84.3,6.6,0.36,Thunderstorm
2023-06-02 00:00:00,65.9,38.4,8.4,0.0,Partly Cloudy
2023-06-02 01:00:00,59.4,39.9,9.8,0.0,Partly Cloudy
2023-06-02 02:00:00,67.1,50.5,6.1,0.0,Partly Cloudy
2023-06-02 03:00:00,62.1,64.7,4.0,0.0,Partly Cloudy
2023-06-02 04:00:00,62.4,36.4,8.9,0.0,Clear
2023-06-02 05:00:00,60.0,40.9,5.3,0.0,Clear
2023-06-02 06:00:00,70.7,41.7,9.7,0.0,Clear
2023-06-02 07:00:00,64.4,56.1,13.2,0.0,Clear
2023-06-02 08:00:00,71.1,63.9,14.1,0.0,Clear
2023-06-02 09:00:00,71.8,35.5,0,0.0,Clear
2023-06-02 10:00:00,70.6,85.3,5.6,0.0,Cloudy
2023-06-02 11:00:00,73.6,51.5,4.1,0.0,Partly Cloudy
2023-06-02 12:00:00,70.8,61.9,10.1,0.0,Clear
2023-06-02 13:00:00,77.1,53.5,7.7,0.0,Clear
2023-06-02 14:00:00,78.0,87.3,9.0,0.34,Light Rain
2023-06-02 15:00:00,74.7,31.7,6.4,0.0,Partly Cloudy
2023-06-02 16:00:00,74.3,72.0,6.5,0.0,Partly Cloudy
2023-06-02 17:00:00,73.4,31.3,9.3,0.0,Clear
2023-06-02 18:00:00,75.6,64.0,8.6,0.0,Partly Cloudy
2023-06-02 19:00:00,68.3,61.1,10.0,0.0,Clear
2023-06-02 20:00:00,62.5,65.4,6.8,0.0,Cloudy
2023-06-02 21:00:00,66.3,88.6,6.2,0.0,Partly Cloudy
2023-06-02 22:00:00,59.2,58.5,10.0,0.0,Clear
2023-06-02 23:00:00,62.6,66.7,7.7,0.0,Partly Cloudy
2023-06-03 00:00:00,61.2,77.6,7.1,0.0,Cloudy
2023-06-03 01:00:00,57.1,43.6,18.1,0.0,Clear
2023-06-03 02:00:00,62.3,49.9,3.9,0.0,Clear
2023-06-03 03:00:00,60.5,71.7,9.7,0.02,Light Rain
2023-06-03 04:00:00,64.2,43.4,12.8,0.0,Clear
2023-06-03 05:00:00,62.4,43.6,5.2,0.0,Partly Cloudy
2023-06-03 06:00:00,67.1,51.0,7.4,0.0,Partly Cloudy
2023-06-03 07:00:00,64.6,69.7,12.2,0.0,Cloudy
2023-06-03 08:00:00,72.4,56.2,6.3,0.0,Clear
2023-06-03 09:00:00,69.2,47.0,7.9,0.0,Partly Cloudy
2023-06-03 10:00:00,75.8,34.0,6.4,0.0,Partly Cloudy
2023-06-03 11:00:00,74.1,21.2,0.4,0.0,Clear
2023-06-03 12:00:00,72.4,38.4,9.7,0.0,Clear
2023-06-03 13:00:00,75.2,52.1,16.4,0.0,Clear
2023-06-03 14:00:00,76.7,75.2,7.5,0.0,Partly Cloudy
2023-06-03 15:00:00,73.8,54.8,16.7,0.0,Clear
2023-06-03 16:00:00,76.9,63.6,7.9,0.0,Partly Cloudy
2023-06-03 17:00:00,73.0,63.5,11.7,0.0,Clear
2023-06-03 18:00:00,76.8,78.4,7.2,0.19,Thunderstorm
2023-06-03 19:00:00,68.2,59.7,9.7,0.0,Partly Cloudy
2023-06-03 20:00:00,63.7,81.2,9.1,0.0,Fog
2023-06-03 21:00:00,66.6,75.8,12.2,0.0,Fog
2023-06-03 22:00:00,65.2,20.8,8.2,0.0,Clear
2023-06-03 23:00:00,65.5,57.5,7.4,0.0,Partly Cloudy
2023-06-04 00:00:00,63.0,39.9,4.9,0.0,Clear
2023-06-04 01:00:00,58.1,52.2,15.0,0.0,Clear
2023-06-04 02:00:00,61.8,57.8,5.4,0.0,Partly Cloudy
2023-06-04 03:00:00,62.8,38.7,14.0,0.0,Clear
2023-06-04 04:00:00,63.1,76.7,5.4,0.39,Rain
2023-06-04 05:00:00,65.3,45.4,4.9,0.0,Partly Cloudy
2023-06-04 06:00:00,66.8,52.2,10.5,0.0,Partly Cloudy
2023-06-04 07:00:00,66.6,74.6,9.3,0.0,Partly Cloudy
2023-06-04 08:00:00,65.6,43.9,4.1,0.0,Partly Cloudy
2023-06-04 09:00:00,72.5,70.4,9.2,0.0,Fog
2023-06-04 10:00:00,70.5,30.8,6.2,0.0,Clear
2023-06-04 11:00:00,70.4,87.0,5.2,0.0,Cloudy
2023-06-04 12:00:00,73.9,42.6,6.5,0.0,Partly Cloudy
2023-06-04 13:00:00,78.8,48.8,3.2,0.0,Clear
2023-06-04 14:00:00,71.1,72.1,4.2,0.0,Fog
2023-06-04 15:00:00,70.1,61.4,5.1,0.0,Partly Cloudy
2023-06-04 16:00:00,71.2,58.5,9.0,0.0,Clear
2023-06-04 17:00:00,76.2,48.4,5.3,0.0,Partly Cloudy
2023-06-04 18:00:00,77.6,75.5,8.3,0.0,Cloudy
2023-06-04 19:00:00,72.5,55.6,12.5,0.0,Clear
2023-06-04 20:00:00,62.4,63.6,2.3,0.0,Partly Cloudy
2023-06-04 21:00:00,64.7,55.8,13.8,0.0,Clear
2023-06-04 22:00:00,70.1,36.4,13.2,0.0,Clear
2023-06-04 23:00:00,60.5,72.0,17.0,0.04,Light Rain
2023-06-05 00:00:00,64.5,41.5,9.9,0.0,Partly Cloudy
2023-06-05 01:00:00,58.3,85.1,5.4,0.0,Fog
2023-06-05 02:00:00,56.7,69.5,5.8,0.0,Partly Cloudy
2023-06-05 03:00:00,63.1,54.3,11.0,0.0,Partly Cloudy
2023-06-05 04:00:00,62.9,36.9,5.8,0.0,Clear
2023-06-05 05:00:00,62.3,52.5,5.2,0.0,Partly Cloudy
2023-06-05 06:00:00,63.9,71.9,9.9,0.0,Cloudy
2023-06-05 07:00:00,68.7,43.4,9.8,0.0,Partly Cloudy
2023-06-05 08:00:00,66.8,60.2,0.4,0.0,Clear
2023-06-05 09:00:00,73.2,70.9,2.7,0.06,Light Rain
2023-06-05 10:00:00,71.7,25.6,12.0,0.0,Clear
2023-06-05 11:00:00,72.1,43.1,8.2,0.0,Partly Cloudy
2023-06-05 12:00:00,77.2,57.5,6.2,0.0,Clear
2023-06-05 13:00:00,73.3,73.1,0.4,0.0,Partly Cloudy
2023-06-05 14:00:00,73.8,42.9,11.7,0.0,Partly Cloudy
2023-06-05 15:00:00,77.6,59.8,10.8,0.0,Partly Cloudy
2023-06-05 16:00:00,75.2,68.0,8.3,0.0,Partly Cloudy
2023-06-05 17:00:00,70.1,54.9,9.7,0.0,Clear
2023-06-05 18:00:00,71.5,50.1,10.7,0.0,Clear
2023-06-05 19:00:00,69.4,59.2,2.3,0.0,Clear
2023-06-05 20:00:00,70.4,51.9,10.3,0.0,Clear
2023-06-05 21:00:00,67.3,47.7,8.3,0.0,Clear
2023-06-05 22:00:00,63.3,57.5,4.3,0.0,Clear
2023-06-05 23:00:00,67.0,56.6,5.6,0.0,Partly Cloudy
2023-06-06 00:00:00,63.2,57.1,5.7,0.0,Partly Cloudy
2023-06-06 01:00:00,66.8,36.1,11.8,0.0,Clear
2023-06-06 02:00:00,57.9,39.5,8.3,0.0,Partly Cloudy
2023-06-06 03:00:00,67.3,67.0,3.6,0.0,Fog
2023-06-06 04:00:00,63.2,41.4,4.5,0.0,Partly Cloudy
2023-06-06 05:00:00,65.4,70.6,8.3,0.0,Partly Cloudy
2023-06-06 06:00:00,62.0,33.8,6.9,0.0,Partly Cloudy
2023-06-06 07:00:00,64.1,29.9,2.0,0.0,Partly Cloudy
2023-06-06 08:00:00,63.2,61.1,5.1,0.0,Clear
2023-06-06 09:00:00,68.7,52.0,12.3,0.0,Partly Cloudy
2023-06-06 10:00:00,67.6,45.5,5.6,0.0,Partly Cloudy
2023-06-06 11:00:00,76.2,59.3,10.5,0.0,Partly Cloudy
2023-06-06 12:00:00,71.3,81.1,7.0,0.47,Light Rain
2023-06-06 13:00:00,73.9,55.8,12.1,0.0,Clear
2023-06-06 14:00:00,76.1,34.9,0.9,0.0,Clear
2023-06-06 15:00:00,76.5,50.8,11.9,0.0,Clear
2023-06-06 16:00:00,73.3,73.6,3.1,0.0,Partly Cloudy
2023-06-06 17:00:00,73.8,45.2,11.5,0.0,Partly Cloudy
2023-06-06 18:00:00,71.7,62.6,8.7,0.0,Clear
2023-06-06 19:00:00,71.6,63.8,14.1,0.0,Partly Cloudy
2023-06-06 20:00:00,74.3,51.5,6.9,0.0,Partly Cloudy
2023-06-06 21:00:00,69.9,73.5,8.4,0.49,Thunderstorm
2023-06-06 22:00:00,63.8,89.8,3.7,0.02,Rain
2023-06-06 23:00:00,60.3,39.1,8.8,0.0,Clear
2023-06-07 00:00:00,65.0,52.5,9.3,0.0,Clear
2023-06-07 01:00:00,61.7,50.2,8.9,0.0,Clear
2023-06-07 02:00:00,66.0,77.3,9.6,0.28,Rain
2023-06-07 03:00:00,62.4,34.2,3.6,0.0,Clear
2023-06-07 04:00:00,63.3,40.5,10.8,0.0,Partly Cloudy
2023-06-07 05:00:00,62.9,47.9,13.2,0.0,Clear
2023-06-07 06:00:00,67.7,51.7,9.4,0.0,Clear
2023-06-07 07:00:00,71.6,56.2,13.1,0.0,Clear
2023-06-07 08:00:00,72.1,55.3,5.2,0.0,Clear
2023-06-07 09:00:00,68.9,52.1,11.2,0.0,Partly Cloudy
2023-06-07 10:00:00,73.8,59.7,7.4,0.0,Clear
2023-06-07 11:00:00,78.6,38.2,10.3,0.0,Clear
2023-06-07 12:00:00,79.5,39.7,10.2,0.0,Partly Cloudy
2023-06-07 13:00:00,77.1,31.9,3.8,0.0,Partly Cloudy
2023-06-07 14:00:00,74.7,61.3,6.6,0.0,Partly Cloudy
2023-06-07 15:00:00,79.2,36.3,10.1,0.0,Partly Cloudy
2023-06-07 16:00:00,74.4,34.7,10.8,0.0,Clear
2023-06-07 17:00:00,73.7,77.4,8.0,0.03,Light Rain
2023-06-07 18:00:00,67.5,59.0,10.2,0.0,Partly Cloudy
2023-06-07 19:00:00,69.3,43.4,4.5,0.0,Clear
2023-06-07 20:00:00,65.8,57.9,7.2,0.0,Clear
2023-06-07 21:00:00,68.6,43.9,13.4,0.0,Partly Cloudy
2023-06-07 22:00:00,64.2,42.1,8.1,0.0,Clear
2023-06-07 23:00:00,63.5,49.8,11.2,0.0,Partly Cloudy
2023-06-08 00:00:00,66.6,34.0,16.1,0.0,Partly Cloudy
2023-06-08 01:00:00,63.0,46.7,9.3,0.0,Partly Cloudy
2023-06-08 02:00:00,60.4,42.7,6.8,0.0,Partly Cloudy
2023-06-08 03:00:00,63.3,22.3,5.2,0.0,Partly Cloudy
2023-06-08 04:00:00,65.5,43.2,13.5,0.0,Clear
2023-06-08 05:00:00,65.2,51.8,4.7,0.0,Clear
2023-06-08 06:00:00,64.7,52.9,16.8,0.0,Partly Cloudy
2023-06-08 07:00:00,67.1,75.5,6.1,0.47,Rain
2023-06-08 08:00:00,66.5,54.3,13.7,0.0,Clear
2023-06-08 09:00:00,63.2,46.9,8.6,0.0,Clear
2023-06-08 10:00:00,75.1,46.6,13.8,0.0,Partly Cloudy
2023-06-08 11:00:00,69.3,59.2,0.2,0.0,Partly Cloudy
2023-06-08 12:00:00,78.2,47.8,9.4,0.0,Partly Cloudy
2023-06-08 13:00:00,74.2,65.3,3.5,0.0,Cloudy
2023-06-08 14:00:00,74.7,60.7,4.6,0.0,Partly Cloudy
2023-06-08 15:00:00,80.9,83.8,0,0.2,Rain
2023-06-08 16:00:00,79.7,61.7,6.0,0.0,Clear
2023-06-08 17:00:00,68.2,50.9,8.0,0.0,Partly Cloudy
2023-06-08 18:00:00,76.1,32.7,3.5,0.0,Partly Cloudy
2023-06-08 19:00:00,71.8,63.3,8.2,0.0,Clear
2023-06-08 20:00:00,73.6,66.9,7.5,0.0,Cloudy
2023-06-08 21:00:00,71.6,72.5,1.7,0.0,Partly Cloudy
2023-06-08 22:00:00,61.5,32.6,3.0,0.0,Clear
2023-06-08 23:00:00,64.7,57.2,14.0,0.0,Partly Cloudy
2023-06-09 00:00:00,68.0,54.6,6.3,0.0,Clear
2023-06-09 01:00:00,63.6,33.3,10.1,0.0,Clear
2023-06-09 02:00:00,68.2,62.6,7.0,0.0,Partly Cloudy
2023-06-09 03:00:00,65.9,30.6,5.1,0.0,Clear
2023-06-09 04:00:00,64.9,73.3,3.5,0.0,Cloudy
2023-06-09 05:00:00,67.6,43.9,8.7,0.0,Partly Cloudy
2023-06-09 06:00:00,62.9,27.2,4.8,0.0,Clear
2023-06-09 07:00:00,68.1,87.3,12.3,0.0,Partly Cloudy
2023-06-09 08:00:00,67.9,39.6,3.1,0.0,Partly Cloudy
2023-06-09 09:00:00,81.5,66.5,10.4,0.0,Partly Cloudy
2023-06-09 10:00:00,74.6,54.4,13.8,0.0,Partly Cloudy
2023-06-09 11:00:00,73.0,85.0,8.4,0.0,Fog
2023-06-09 12:00:00,74.9,26.6,13.7,0.0,Clear
2023-06-09 13:00:00,73.6,44.1,5.7,0.0,Clear
2023-06-09 14:00:00,74.8,39.5,6.9,0.0,Clear
2023-06-09 15:00:00,72.2,32.5,1.8,0.0,Clear
2023-06-09 16:00:00,73.9,70.1,2.3,0.15,Thunderstorm
2023-06-09 17:00:00,71.2,46.3,9.4,0.0,Partly Cloudy
2023-06-09 18:00:00,65.6,48.6,9.5,0.0,Partly Cloudy
2023-06-09 19:00:00,68.5,67.3,7.3,0.0,Cloudy
2023-06-09 20:00:00,67.9,56.2,8.1,0.0,Partly Cloudy
2023-06-09 21:00:00,65.4,81.5,6.5,0.0,Cloudy
2023-06-09 22:00:00,65.9,62.7,3.5,0.0,Partly Cloudy
2023-06-09 23:00:00,68.2,70.7,0,0.12,Light Rain
2023-06-10 00:00:00,57.9,30.5,5.4,0.0,Clear
2023-06-10 01:00:00,66.8,43.9,4.6,0.0,Partly Cloudy
2023-06-10 02:00:00,62.3,49.0,9.1,0.0,Partly Cloudy
2023-06-10 03:00:00,63.4,63.2,10.0,0.0,Partly Cloudy
2023-06-10 04:00:00,58.9,61.4,7.6,0.0,Clear
2023-06-10 05:00:00,57.5,71.5,4.2,0.0,Partly Cloudy
2023-06-10 06:00:00,69.0,57.9,0,0.0,Partly Cloudy
2023-06-10 07:00:00,70.3,73.5,11.6,0.0,Partly Cloudy
2023-06-10 08:00:00,71.4,59.5,17.6,0.0,Partly Cloudy
2023-06-10 09:00:00,69.2,63.7,9.5,0.0,Clear
2023-06-10 10:00:00,74.8,59.2,15.0,0.0,Clear
2023-06-10 11:00:00,73.3,78.2,10.8,0.12,Light Rain
2023-06-10 12:00:00,74.4,62.5,8.2,0.0,Clear
2023-06-10 13:00:00,76.6,73.6,7.6,0.0,Cloudy
2023-06-10 14:00:00,80.1,65.4,9.3,0.05,Light Rain
2023-06-10 15:00:00,72.8,66.0,11.0,0.0,Cloudy
2023-06-10 16:00:00,70.1,58.9,6.1,0.0,Clear
2023-06-10 17:00:00,73.6,59.2,7.6,0.0,Partly Cloudy
2023-06-10 18:00:00,64.7,65.1,12.2,0.0,Fog
2023-06-10 19:00:00,72.0,73.4,12.0,0.0,Partly Cloudy
2023-06-10 20:00:00,68.3,51.5,7.1,0.0,Partly Cloudy
2023-06-10 21:00:00,71.9,40.2,11.7,0.0,Partly Cloudy
2023-06-10 22:00:00,62.3,60.9,13.1,0.0,Clear
2023-06-10 23:00:00,67.4,26.6,11.6,0.0,Partly Cloudy
2023-06-11 00:00:00,61.6,69.0,6.5,0.0,Fog
2023-06-11 01:00:00,64.0,53.9,17.9,0.0,Partly Cloudy
2023-06-11 02:00:00,68.5,66.6,9.5,0.0,Cloudy
2023-06-11 03:00:00,64.1,36.3,6.2,0.0,Partly Cloudy
2023-06-11 04:00:00,61.8,41.5,14.7,0.0,Partly Cloudy
2023-06-11 05:00:00,59.7,71.2,3.3,0.0,Partly Cloudy
2023-06-11 06:00:00,69.2,65.8,10.6,0.0,Partly Cloudy
2023-06-11 07:00:00,70.7,63.1,4.8,0.0,Clear
2023-06-11 08:00:00,71.4,27.9,15.3,0.0,Clear
2023-06-11 09:00:00,70.0,38.0,4.3,0.0,Partly Cloudy
2023-06-11 10:00:00,74.7,57.2,8.7,0.0,Partly Cloudy
2023-06-11 11:00:00,67.1,85.3,8.3,0.0,Cloudy
2023-06-11 12:00:00,74.9,20,12.1,0.0,Partly Cloudy
2023-06-11 13:00:00,78.8,43.0,9.8,0.0,Partly Cloudy
2023-06-11 14:00:00,77.3,67.3,13.0,0.0,Cloudy
2023-06-11 15:00:00,75.4,66.4,12.6,0.0,Partly Cloudy
2023-06-11 16:00:00,72.4,60.5,4.8,0.0,Clear
2023-06-11 17:00:00,71.9,50.9,9.6,0.0,Partly Cloudy
2023-06-11 18:00:00,69.8,52.8,10.1,0.0,Clear
2023-06-11 19:00:00,79.3,67.7,8.2,0.0,Cloudy
2023-06-11 20:00:00,69.6,42.6,11.4,0.0,Partly Cloudy
2023-06-11 21:00:00,70.2,61.6,11.5,0.0,Partly Cloudy
2023-06-11 22:00:00,71.7,68.1,8.8,0.0,Partly Cloudy
2023-06-11 23:00:00,65.0,37.6,5.6,0.0,Partly Cloudy
2023-06-12 00:00:00,62.7,69.8,10.4,0.0,Partly Cloudy
2023-06-12 01:00:00,63.1,71.6,0.2,0.42,Light Rain
2023-06-12 02:00:00,60.7,61.0,15.1,0.0,Clear
2023-06-12 03:00:00,66.3,50.5,10.1,0.0,Clear
2023-06-12 04:00:00,61.5,53.1,8.6,0.0,Clear
2023-06-12 05:00:00,62.2,55.7,10.2,0.0,Clear
2023-06-12 06:00:00,67.3,62.7,8.1,0.0,Partly Cloudy
2023-06-12 07:00:00,66.8,36.2,9.2,0.0,Partly Cloudy
2023-06-12 08:00:00,66.9,26.8,0.7,0.0,Partly Cloudy
2023-06-12 09:00:00,64.1,68.9,3.8,0.0,Cloudy
2023-06-12 10:00:00,68.3,59.1,9.5,0.0,Partly Cloudy
2023-06-12 11:00:00,70.1,42.1,7.8,0.0,Partly Cloudy
2023-06-12 12:00:00,78.3,58.4,6.7,0.0,Clear
2023-06-12 13:00:00,81.2,41.6,4.9,0.0,Partly Cloudy
2023-06-12 14:00:00,71.9,37.0,7.9,0.0,Clear
2023-06-12 15:00:00,76.1,47.6,12.1,0.0,Clear
2023-06-12 16:00:00,78.6,50.7,10.8,0.0,Clear
2023-06-12 17:00:00,68.7,45.8,7.9,0.0,Clear
2023-06-12 18:00:00,70.0,20,2.6,0.0,Partly Cloudy
2023-06-12 19:00:00,70.3,46.5,10.3,0.0,Partly Cloudy
2023-06-12 20:00:00,70.2,32.7,13.3,0.0,Partly Cloudy
2023-06-12 21:00:00,69.3,61.1,8.7,0.0,Partly Cloudy
2023-06-12 22:00:00,66.4,84.3,13.3,0.05,Thunderstorm
2023-06-12 23:00:00,64.1,63.8,10.9,0.0,Partly Cloudy
2023-06-13 00:00:00,66.8,72.1,12.4,0.0,Cloudy
2023-06-13 01:00:00,65.5,41.4,1.4,0.0,Clear
2023-06-13 02:00:00,61.7,42.5,5.5,0.0,Clear
2023-06-13 03:00:00,65.8,68.1,6.9,0.0,Cloudy
2023-06-13 04:00:00,63.8,63.1,14.8,0.0,Clear
2023-06-13 05:00:00,67.8,38.9,1.0,0.0,Clear
2023-06-13 06:00:00,65.2,50.0,10.6,0.0,Clear
2023-06-13 07:00:00,72.3,54.2,6.8,0.0,Partly Cloudy
2023-06-13 08:00:00,68.6,45.1,4.9,0.0,Partly Cloudy
2023-06-13 09:00:00,71.9,56.1,10.9,0.0,Partly Cloudy
2023-06-13 10:00:00,74.2,49.4,5.7,0.0,Partly Cloudy
2023-06-13 11:00:00,70.6,43.1,8.8,0.0,Partly Cloudy
2023-06-13 12:00:00,72.5,54.7,9.4,0.0,Clear
2023-06-13 13:00:00,78.8,58.4,7.1,0.0,Partly Cloudy
2023-06-13 14:00:00,81.3,41.4,14.2,0.0,Clear
2023-06-13 15:00:00,80.6,49.4,14.6,0.0,Partly Cloudy
2023-06-13 16:00:00,72.2,60.6,8.9,0.0,Partly Cloudy
2023-06-13 17:00:00,73.0,80.9,1.9,0.0,Partly Cloudy
2023-06-13 18:00:00,73.5,100,7.3,0.0,Fog
2023-06-13 19:00:00,71.6,50.7,9.9,0.0,Clear
2023-06-13 20:00:00,68.3,82.5,7.3,0.0,Cloudy
2023-06-13 21:00:00,66.6,57.4,7.6,0.0,Clear
2023-06-13 22:00:00,68.5,38.7,7.3,0.0,Clear
2023-06-13 23:00:00,61.5,56.8,5.1,0.0,Clear
2023-06-14 00:00:00,66.7,59.6,9.2,0.0,Clear
2023-06-14 01:00:00,60.5,64.1,4.0,0.0,Clear
2023-06-14 02:00:00,63.2,42.8,11.7,0.0,Partly Cloudy
2023-06-14 03:00:00,63.8,63.6,13.5,0.0,Partly Cloudy
2023-06-14 04:00:00,67.1,62.6,0,0.0,Partly Cloudy
2023-06-14 05:00:00,64.8,58.1,7.1,0.0,Partly Cloudy
2023-06-14 06:00:00,69.0,53.6,15.0,0.0,Partly Cloudy
2023-06-14 07:00:00,68.8,56.2,13.8,0.0,Clear
2023-06-14 08:00:00,70.4,30.8,7.4,0.0,Partly Cloudy
2023-06-14 09:00:00,72.0,58.6,5.7,0.0,Partly Cloudy
2023-06-14 10:00:00,76.1,52.9,8.9,0.0,Partly Cloudy
2023-06-14 11:00:00,75.7,64.8,8.6,0.0,Clear
2023-06-14 12:00:00,74.7,66.8,2.1,0.0,Cloudy
2023-06-14 13:00:00,80.5,55.2,5.4,0.0,Partly Cloudy
2023-06-14 14:00:00,79.3,51.4,6.2,0.0,Partly Cloudy
2023-06-14 15:00:00,75.2,41.0,9.6,0.0,Partly Cloudy
2023-06-14 16:00:00,78.1,45.9,12.6,0.0,Partly Cloudy
2023-06-14 17:00:00,73.7,37.0,13.3,0.0,Partly Cloudy
2023-06-14 18:00:00,74.3,32.1,12.8,0.0,Clear
2023-06-14 19:00:00,73.2,42.3,7.0,0.0,Clear
2023-06-14 20:00:00,68.6,66.1,2.0,0.0,Partly Cloudy
2023-06-14 21:00:00,69.8,52.4,8.9,0.0,Partly Cloudy
2023-06-14 22:00:00,64.3,44.4,3.5,0.0,Clear
2023-06-14 23:00:00,61.2,74.0,10.6,0.0,Fog
2023-06-15 00:00:00,64.3,58.2,11.5,0.0,Partly Cloudy
2023-06-15 01:00:00,60.2,60.5,8.3,0.0,Partly Cloudy
2023-06-15 02:00:00,59.1,82.9,10.3,0.0,Partly Cloudy
2023-06-15 03:00:00,64.2,56.6,2.8,0.0,Partly Cloudy
2023-06-15 04:00:00,60.4,68.0,8.0,0.0,Partly Cloudy
2023-06-15 05:00:00,66.8,22.0,7.0,0.0,Clear
2023-06-15 06:00:00,66.7,66.6,0,0.0,Partly Cloudy
2023-06-15 07:00:00,71.7,57.5,10.1,0.0,Clear
2023-06-15 08:00:00,63.7,64.5,6.4,0.0,Partly Cloudy
2023-06-15 09:00:00,71.8,43.4,2.5,0.0,Partly Cloudy
2023-06-15 10:00:00,77.4,36.5,5.8,0.0,Clear
2023-06-15 11:00:00,67.7,59.8,3.4,0.0,Clear
2023-06-15 12:00:00,81.2,52.5,8.4,0.0,Partly Cloudy
2023-06-15 13:00:00,80.9,41.4,6.7,0.0,Clear
2023-06-15 14:00:00,77.9,50.9,2.2,0.0,Partly Cloudy
2023-06-15 15:00:00,88.4,29.6,6.9,0.0,Clear
2023-06-15 16:00:00,77.7,64.3,12.0,0.0,Clear
2023-06-15 17:00:00,75.9,73.8,3.2,0.0,Cloudy
2023-06-15 18:00:00,66.9,68.5,9.9,0.0,Cloudy
2023-06-15 19:00:00,71.9,73.4,16.0,0.47,Thunderstorm
2023-06-15 20:00:00,74.4,37.2,8.0,0.0,Partly Cloudy
2023-06-15 21:00:00,72.6,64.0,10.4,0.0,Clear
2023-06-15 22:00:00,63.6,44.2,10.7,0.0,Partly Cloudy
2023-06-15 23:00:00,69.1,65.6,3.7,0.0,Cloudy
2023-06-16 00:00:00,70.4,72.8,8.4,0.29,Thunderstorm
2023-06-16 01:00:00,61.7,43.7,4.4,0.0,Partly Cloudy
2023-06-16 02:00:00,62.4,45.1,8.2,0.0,Partly Cloudy
2023-06-16 03:00:00,69.4,53.3,9.5,0.0,Clear
2023-06-16 04:00:00,65.7,68.0,4.4,0.0,Fog
2023-06-16 05:00:00,66.1,36.2,18.8,0.0,Partly Cloudy
2023-06-16 06:00:00,68.6,53.8,4.5,0.0,Partly Cloudy
2023-06-16 07:00:00,71.3,55.4,10.0,0.0,Partly Cloudy
2023-06-16 08:00:00,70.0,61.8,7.0,0.0,Clear
2023-06-16 09:00:00,74.4,86.5,6.0,0.0,Fog
2023-06-16 10:00:00,71.0,78.5,3.2,0.0,Cloudy
2023-06-16 11:00:00,74.5,67.7,10.1,0.0,Cloudy
2023-06-16 12:00:00,76.6,68.7,12.4,0.0,Fog
2023-06-16 13:00:00,78.6,49.2,5.1,0.0,Clear
2023-06-16 14:00:00,80.8,42.0,12.8,0.0,Partly Cloudy
2023-06-16 15:00:00,74.2,44.9,11.0,0.0,Clear
2023-06-16 16:00:00,74.4,64.4,4.7,0.0,Clear
2023-06-16 17:00:00,76.6,59.7,9.3,0.0,Partly Cloudy
2023-06-16 18:00:00,73.8,41.9,14.2,0.0,Clear
2023-06-16 19:00:00,69.6,42.8,5.6,0.0,Clear
2023-06-16 20:00:00,71.6,57.3,5.7,0.0,Partly Cloudy
2023-06-16 21:00:00,71.4,73.8,14.8,0.47,Rain
2023-06-16 22:00:00,71.8,94.1,7.8,0.0,Fog
2023-06-16 23:00:00,63.0,35.7,8.3,0.0,Partly Cloudy
2023-06-17 00:00:00,65.3,41.8,2.8,0.0,Partly Cloudy
2023-06-17 01:00:00,56.7,62.0,1.8,0.0,Clear
2023-06-17 02:00:00,62.2,48.3,2.0,0.0,Clear
2023-06-17 03:00:00,57.5,51.5,2.8,0.0,Clear
2023-06-17 04:00:00,59.4,51.4,8.6,0.0,Clear
2023-06-17 05:00:00,62.7,90.8,9.9,0.02,Rain
2023-06-17 06:00:00,64.4,62.6,9.3,0.0,Partly Cloudy
2023-06-17 07:00:00,72.0,72.1,3.3,0.08,Light Rain
2023-06-17 08:00:00,60.3,35.2,4.1,0.0,Clear
2023-06-17 09:00:00,72.0,37.1,9.2,0.0,Partly Cloudy
2023-06-17 10:00:00,70.4,28.0,5.0,0.0,Partly Cloudy
2023-06-17 11:00:00,69.7,47.5,6.3,0.0,Clear
2023-06-17 12:00:00,75.7,67.4,18.6,0.0,Fog
2023-06-17 13:00:00,74.6,61.2,14.0,0.0,Partly Cloudy
2023-06-17 14:00:00,72.6,42.0,7.4,0.0,Partly Cloudy
2023-06-17 15:00:00,75.2,66.9,5.6,0.0,Cloudy
2023-06-17 16:00:00,75.5,67.0,7.2,0.0,Partly Cloudy
2023-06-17 17:00:00,71.9,54.8,5.2,0.0,Partly Cloudy
2023-06-17 18:00:00,77.4,45.5,11.6,0.0,Clear
2023-06-17 19:00:00,74.8,56.1,13.9,0.0,Clear
2023-06-17 20:00:00,69.5,51.2,2.6,0.0,Clear
2023-06-17 21:00:00,71.1,51.6,6.0,0.0,Clear
2023-06-17 22:00:00,61.3,74.4,11.3,0.48,Rain
2023-06-17 23:00:00,63.3,53.8,9.4,0.0,Clear
2023-06-18 00:00:00,63.0,46.1,7.4,0.0,Clear
2023-06-18 01:00:00,58.4,63.0,6.7,0.0,Clear
2023-06-18 02:00:00,65.0,53.4,11.6,0.0,Clear
2023-06-18 03:00:00,59.7,90.4,4.0,0.0,Cloudy
2023-06-18 04:00:00,63.0,74.4,11.3,0.0,Fog
2023-06-18 05:00:00,64.6,20,8.4,0.0,Partly Cloudy
2023-06-18 06:00:00,66.5,82.0,4.9,0.0,Cloudy
2023-06-18 07:00:00,73.0,52.8,0.9,0.0,Clear
2023-06-18 08:00:00,72.9,81.4,14.0,0.1,Light Rain
2023-06-18 09:00:00,68.4,58.3,10.0,0.0,Partly Cloudy
2023-06-18 10:00:00,73.6,54.3,4.8,0.0,Partly Cloudy
2023-06-18 11:00:00,76.9,67.2,7.0,0.0,Cloudy
2023-06-18 12:00:00,76.1,69.1,8.5,0.0,Cloudy
2023-06-18 13:00:00,82.2,40.3,10.6,0.0,Partly Cloudy
2023-06-18 14:00:00,77.7,35.1,11.6,0.0,Clear
2023-06-18 15:00:00,76.7,56.5,10.1,0.0,Clear
2023-06-18 16:00:00,67.6,67.6,3.6,0.0,Fog
2023-06-18 17:00:00,78.1,64.0,0.9,0.0,Clear
2023-06-18 18:00:00,69.6,52.1,2.2,0.0,Clear
2023-06-18 19:00:00,76.9,72.5,9.9,0.0,Cloudy
2023-06-18 20:00:00,73.3,80.3,2.4,0.0,Fog
2023-06-18 21:00:00,70.4,50.2,8.5,0.0,Clear
2023-06-18 22:00:00,64.0,53.6,12.2,0.0,Partly Cloudy
2023-06-18 23:00:00,67.0,52.5,4.0,0.0,Clear
2023-06-19 00:00:00,64.3,35.3,11.5,0.0,Clear
2023-06-19 01:00:00,65.2,49.9,7.6,0.0,Clear
2023-06-19 02:00:00,67.8,53.5,7.4,0.0,Clear
2023-06-19 03:00:00,66.2,59.1,0,0.0,Partly Cloudy
2023-06-19 04:00:00,59.9,77.4,0,0.14,Light Rain
2023-06-19 05:00:00,68.0,60.7,6.5,0.0,Clear
2023-06-19 06:00:00,69.0,71.8,1.7,0.01,Light Rain
2023-06-19 07:00:00,68.0,71.6,7.4,0.0,Partly Cloudy
2023-06-19 08:00:00,71.4,44.9,6.2,0.0,Clear
2023-06-19 09:00:00,73.9,76.6,9.2,0.0,Cloudy
2023-06-19 10:00:00,73.5,60.6,4.4,0.0,Clear
2023-06-19 11:00:00,73.1,55.1,9.2,0.0,Partly Cloudy
2023-06-19 12:00:00,76.6,65.4,8.9,0.0,Partly Cloudy
2023-06-19 13:00:00,77.1,58.3,16.9,0.0,Partly Cloudy
2023-06-19 14:00:00,74.8,42.9,9.2,0.0,Clear
2023-06-19 15:00:00,75.9,73.1,7.6,0.0,Fog
2023-06-19 16:00:00,82.3,45.2,12.8,0.0,Partly Cloudy
2023-06-19 17:00:00,72.7,50.6,7.6,0.0,Partly Cloudy
2023-06-19 18:00:00,77.6,47.0,8.8,0.0,Partly Cloudy
2023-06-19 19:00:00,69.3,44.4,9.8,0.0,Clear
2023-06-19 20:00:00,70.5,38.0,10.0,0.0,Clear
2023-06-19 21:00:00,66.8,66.4,0,0.0,Partly Cloudy
2023-06-19 22:00:00,65.9,52.2,8.1,0.0,Clear
2023-06-19 23:00:00,67.9,80.7,4.4,0.37,Light Rain
2023-06-20 00:00:00,67.3,59.6,7.1,0.0,Clear
2023-06-20 01:00:00,64.0,64.6,14.3,0.0,Clear
2023-06-20 02:00:00,58.5,58.9,3.0,0.0,Clear
2023-06-20 03:00:00,71.1,57.3,10.5,0.0,Clear
2023-06-20 04:00:00,64.4,29.9,13.3,0.0,Clear
2023-06-20 05:00:00,63.7,46.2,9.8,0.0,Partly Cloudy
2023-06-20 06:00:00,68.0,40.5,4.3,0.0,Partly Cloudy
2023-06-20 07:00:00,68.4,35.3,14.4,0.0,Partly Cloudy
2023-06-20 08:00:00,77.4,79.6,0.5,0.0,Partly Cloudy
2023-06-20 09:00:00,73.1,83.7,10.3,0.09,Light Rain
2023-06-20 10:00:00,69.4,42.9,7.3,0.0,Clear
2023-06-20 11:00:00,76.9,34.3,13.2,0.0,Partly Cloudy
2023-06-20 12:00:00,69.7,43.8,4.4,0.0,Partly Cloudy
2023-06-20 13:00:00,82.4,76.0,6.8,0.0,Partly Cloudy
2023-06-20 14:00:00,81.9,75.9,0,0.0,Cloudy
2023-06-20 15:00:00,78.5,26.7,6.9,0.0,Clear
2023-06-20 16:00:00,80.7,47.5,8.4,0.0,Clear
2023-06-20 17:00:00,72.0,62.8,8.9,0.0,Partly Cloudy
2023-06-20 18:00:00,70.6,69.9,5.2,0.0,Partly Cloudy
2023-06-20 19:00:00,68.4,73.4,8.5,0.11,Light Rain
2023-06-20 20:00:00,68.1,52.3,1.8,0.0,Partly Cloudy
2023-06-20 21:00:00,69.0,66.4,0,0.0,Cloudy
2023-06-20 22:00:00,65.3,53.3,5.8,0.0,Partly Cloudy
2023-06-20 23:00:00,64.5,53.4,12.0,0.0,Partly Cloudy
2023-06-21 00:00:00,67.9,50.8,8.3,0.0,Partly Cloudy
2023-06-21 01:00:00,69.3,43.3,0.9,0.0,Clear
2023-06-21 02:00:00,67.1,63.1,6.7,0.03,Light Rain
2023-06-21 03:00:00,64.3,39.0,8.0,0.0,Partly Cloudy
2023-06-21 04:00:00,59.2,43.1,12.0,0.0,Clear
2023-06-21 05:00:00,68.2,59.1,16.5,0.0,Partly Cloudy
2023-06-21 06:00:00,66.8,88.8,6.7,0.0,Cloudy
2023-06-21 07:00:00,66.9,66.8,6.5,0.0,Fog
2023-06-21 08:00:00,74.1,76.9,12.0,0.29,Thunderstorm
2023-06-21 09:00:00,65.9,62.6,4.6,0.0,Partly Cloudy
2023-06-21 10:00:00,70.0,71.4,9.5,0.38,Rain
2023-06-21 11:00:00,70.7,70.2,9.4,0.0,Fog
2023-06-21 12:00:00,79.6,50.8,8.1,0.0,Partly Cloudy
2023-06-21 13:00:00,77.4,58.4,3.7,0.0,Clear
2023-06-21 14:00:00,75.3,83.1,2.5,0.1,Light Rain
2023-06-21 15:00:00,80.0,62.0,2.0,0.03,Light Rain
2023-06-21 16:00:00,75.7,34.3,7.8,0.0,Clear
2023-06-21 17:00:00,72.6,85.1,13.2,0.0,Cloudy
2023-06-21 18:00:00,75.0,62.1,3.2,0.0,Clear
2023-06-21 19:00:00,73.4,71.1,10.7,0.0,Partly Cloudy
2023-06-21 20:00:00,73.8,56.2,9.2,0.0,Clear
2023-06-21 21:00:00,64.4,46.8,6.9,0.0,Partly Cloudy
2023-06-21 22:00:00,68.8,65.4,7.7,0.0,Partly Cloudy
2023-06-21 23:00:00,67.8,39.8,10.2,0.0,Clear
2023-06-22 00:00:00,60.2,82.6,7.1,0.0,Cloudy
2023-06-22 01:00:00,61.3,42.7,17.2,0.0,Partly Cloudy
2023-06-22 02:00:00,66.4,42.7,10.8,0.0,Partly Cloudy
2023-06-22 03:00:00,62.3,66.9,0.7,0.0,Cloudy
2023-06-22 04:00:00,63.5,74.4,6.5,0.21,Rain
2023-06-22 05:00:00,63.1,49.0,14.0,0.0,Partly Cloudy
2023-06-22 06:00:00,72.9,49.7,6.5,0.0,Partly Cloudy
2023-06-22 07:00:00,71.5,32.0,15.0,0.0,Clear
2023-06-22 08:00:00,67.6,44.7,5.9,0.0,Partly Cloudy
2023-06-22 09:00:00,68.9,64.6,7.0,0.0,Clear
2023-06-22 10:00:00,76.0,30.7,4.0,0.0,Partly Cloudy
2023-06-22 11:00:00,77.2,56.1,13.9,0.0,Partly Cloudy
2023-06-22 12:00:00,77.1,49.3,12.6,0.0,Partly Cloudy
2023-06-22 13:00:00,78.1,21.8,6.1,0.0,Partly Cloudy
2023-06-22 14:00:00,74.7,47.8,2.6,0.0,Clear
2023-06-22 15:00:00,83.2,63.8,9.9,0.0,Clear
2023-06-22 16:00:00,76.3,51.4,14.0,0.0,Partly Cloudy
2023-06-22 17:00:00,74.8,68.2,7.3,0.0,Cloudy
2023-06-22 18:00:00,76.1,55.8,3.2,0.0,Clear
2023-06-22 19:00:00,72.1,40.9,9.3,0.0,Clear
2023-06-22 20:00:00,70.4,57.8,11.3,0.0,Clear
2023-06-22 21:00:00,71.2,81.6,14.3,0.16,Rain
2023-06-22 22:00:00,68.6,37.2,7.0,0.0,Partly Cloudy
2023-06-22 23:00:00,67.4,49.7,11.1,0.0,Clear
2023-06-23 00:00:00,67.7,56.9,13.5,0.0,Clear
2023-06-23 01:00:00,68.3,36.1,7.5,0.0,Partly Cloudy
2023-06-23 02:00:00,57.9,41.1,8.5,0.0,Clear
2023-06-23 03:00:00,68.0,63.5,13.4,0.0,Clear
2023-06-23 04:00:00,61.9,60.0,10.8,0.0,Partly Cloudy
2023-06-23 05:00:00,66.5,55.4,0.7,0.0,Clear
2023-06-23 06:00:00,63.2,42.4,4.3,0.0,Clear
2023-06-23 07:00:00,68.8,43.7,8.8,0.0,Partly Cloudy
2023-06-23 08:00:00,66.7,51.3,3.5,0.0,Clear
2023-06-23 09:00:00,70.1,38.3,14.3,0.0,Clear
2023-06-23 10:00:00,75.8,33.4,6.4,0.0,Clear
2023-06-23 11:00:00,79.4,48.9,4.9,0.0,Clear
2023-06-23 12:00:00,76.3,64.0,6.3,0.0,Clear
2023-06-23 13:00:00,75.1,41.0,6.1,0.0,Partly Cloudy
2023-06-23 14:00:00,76.9,37.6,0,0.0,Clear
2023-06-23 15:00:00,68.2,46.8,8.1,0.0,Partly Cloudy
2023-06-23 16:00:00,79.2,37.5,14.5,0.0,Partly Cloudy
2023-06-23 17:00:00,69.9,73.0,13.6,0.0,Partly Cloudy
2023-06-23 18:00:00,71.0,64.4,6.9,0.0,Clear
2023-06-23 19:00:00,69.3,58.0,5.3,0.0,Clear
2023-06-23 20:00:00,70.4,73.4,10.2,0.0,Fog
2023-06-23 21:00:00,72.3,35.5,7.6,0.0,Partly Cloudy
2023-06-23 22:00:00,68.8,27.4,3.0,0.0,Clear
2023-06-23 23:00:00,70.6,56.0,3.7,0.0,Clear
2023-06-24 00:00:00,66.5,54.6,11.2,0.0,Partly Cloudy
2023-06-24 01:00:00,60.7,57.7,7.3,0.0,Partly Cloudy
2023-06-24 02:00:00,61.9,77.5,0,0.0,Fog
2023-06-24 03:00:00,68.6,43.1,6.0,0.0,Partly Cloudy
2023-06-24 04:00:00,65.9,62.1,8.7,0.06,Light Rain
2023-06-24 05:00:00,68.5,51.4,12.9,0.0,Partly Cloudy
2023-06-24 06:00:00,70.5,53.4,0,0.0,Clear
2023-06-24 07:00:00,66.3,71.5,13.0,0.05,Light Rain
2023-06-24 08:00:00,68.5,35.6,9.5,0.0,Partly Cloudy
2023-06-24 09:00:00,73.8,67.0,2.0,0.0,Partly Cloudy
2023-06-24 10:00:00,76.7,71.5,5.3,0.4,Light Rain
2023-06-24 11:00:00,73.5,34.5,11.8,0.0,Partly Cloudy
2023-06-24 12:00:00,73.7,59.9,1.0,0.0,Clear
2023-06-24 13:00:00,75.6,53.0,3.6,0.0,Partly Cloudy
2023-06-24 14:00:00,83.2,33.4,0,0.0,Clear
2023-06-24 15:00:00,83.3,41.8,8.1,0.0,Partly Cloudy
2023-06-24 16:00:00,75.0,71.8,3.8,0.0,Cloudy
2023-06-24 17:00:00,74.2,75.2,9.6,0.14,Light Rain
2023-06-24 18:00:00,75.9,68.9,12.2,0.0,Cloudy
2023-06-24 19:00:00,72.4,64.4,5.7,0.0,Partly Cloudy
2023-06-24 20:00:00,73.4,62.8,13.1,0.0,Clear
2023-06-24 21:00:00,71.8,44.8,10.1,0.0,Clear
2023-06-24 22:00:00,66.9,57.8,10.3,0.0,Clear
2023-06-24 23:00:00,67.7,62.2,10.1,0.0,Clear
2023-06-25 00:00:00,67.9,55.7,13.8,0.0,Clear
2023-06-25 01:00:00,69.3,44.3,8.4,0.0,Clear
2023-06-25 02:00:00,65.0,48.1,4.8,0.0,Clear
2023-06-25 03:00:00,70.9,34.6,12.9,0.0,Clear
2023-06-25 04:00:00,62.4,37.5,12.7,0.0,Clear
2023-06-25 05:00:00,68.3,32.7,10.4,0.0,Clear
2023-06-25 06:00:00,71.8,45.0,5.4,0.0,Clear
2023-06-25 07:00:00,70.4,59.9,9.6,0.0,Partly Cloudy
2023-06-25 08:00:00,69.3,67.8,8.8,0.0,Cloudy
2023-06-25 09:00:00,70.5,35.8,6.2,0.0,Partly Cloudy
2023-06-25 10:00:00,75.0,32.4,11.4,0.0,Partly Cloudy
2023-06-25 11:00:00,72.1,60.7,13.3,0.0,Partly Cloudy
2023-06-25 12:00:00,76.9,59.8,16.0,0.0,Partly Cloudy
2023-06-25 13:00:00,74.2,46.6,10.0,0.0,Clear
2023-06-25 14:00:00,72.1,47.7,17.3,0.0,Clear
2023-06-25 15:00:00,78.1,33.3,13.0,0.0,Partly Cloudy
2023-06-25 16:00:00,74.2,72.0,8.8,0.02,Light Rain
2023-06-25 17:00:00,68.3,54.7,9.1,0.0,Clear
2023-06-25 18:00:00,77.1,50.2,6.6,0.0,Partly Cloudy
2023-06-25 19:00:00,77.3,41.5,9.9,0.0,Clear
2023-06-25 20:00:00,70.8,67.7,5.3,0.0,Fog
2023-06-25 21:00:00,69.6,45.8,12.7,0.0,Clear
2023-06-25 22:00:00,67.0,70.0,10.8,0.0,Partly Cloudy
2023-06-25 23:00:00,66.1,70.4,11.7,0.34,Thunderstorm
2023-06-26 00:00:00,65.2,47.4,6.4,0.0,Clear
2023-06-26 01:00:00,60.8,41.2,8.1,0.0,Partly Cloudy
2023-06-26 02:00:00,66.1,61.8,8.6,0.0,Clear
2023-06-26 03:00:00,63.0,46.9,11.6,0.0,Clear
2023-06-26 04:00:00,64.7,95.6,4.7,0.13,Light Rain
2023-06-26 05:00:00,64.3,59.4,10.0,0.0,Clear
2023-06-26 06:00:00,71.9,41.2,12.9,0.0,Clear
2023-06-26 07:00:00,73.1,83.8,10.2,0.24,Rain
2023-06-26 08:00:00,73.0,50.5,9.0,0.0,Partly Cloudy
2023-06-26 09:00:00,72.6,56.8,11.0,0.0,Partly Cloudy
2023-06-26 10:00:00,74.2,61.0,4.7,0.0,Clear
2023-06-26 11:00:00,78.4,58.0,12.7,0.0,Clear
2023-06-26 12:00:00,78.4,53.4,4.8,0.0,Partly Cloudy
2023-06-26 13:00:00,79.4,46.1,12.5,0.0,Clear
2023-06-26 14:00:00,78.6,64.1,9.4,0.0,Partly Cloudy
2023-06-26 15:00:00,74.0,40.3,5.5,0.0,Clear
2023-06-26 16:00:00,76.9,36.2,8.7,0.0,Partly Cloudy
2023-06-26 17:00:00,74.2,73.5,8.7,0.0,Cloudy
2023-06-26 18:00:00,74.5,54.8,3.7,0.0,Partly Cloudy
2023-06-26 19:00:00,68.0,69.6,11.0,0.0,Partly Cloudy
2023-06-26 20:00:00,79.1,45.3,10.0,0.0,Clear
2023-06-26 21:00:00,71.7,83.2,3.9,0.0,Partly Cloudy
2023-06-26 22:00:00,63.5,61.4,3.9,0.0,Partly Cloudy
2023-06-26 23:00:00,65.1,72.3,10.3,0.0,Cloudy
2023-06-27 00:00:00,64.0,83.3,11.6,0.0,Partly Cloudy
2023-06-27 01:00:00,64.1,54.2,9.6,0.0,Clear
2023-06-27 02:00:00,68.8,74.4,9.5,0.0,Cloudy
2023-06-27 03:00:00,66.4,20,5.7,0.0,Clear
2023-06-27 04:00:00,62.3,60.0,9.0,0.0,Partly Cloudy
2023-06-27 05:00:00,65.9,65.7,2.5,0.13,Light Rain
2023-06-27 06:00:00,67.9,60.8,8.0,0.0,Partly Cloudy
2023-06-27 07:00:00,72.8,52.1,20.2,0.0,Clear
2023-06-27 08:00:00,77.1,46.3,3.3,0.0,Clear
2023-06-27 09:00:00,71.7,28.7,9.7,0.0,Clear
2023-06-27 10:00:00,75.2,58.7,8.5,0.0,Clear
2023-06-27 11:00:00,73.9,61.5,4.5,0.0,Clear
2023-06-27 12:00:00,75.4,49.3,8.3,0.0,Clear
2023-06-27 13:00:00,78.4,62.0,13.5,0.0,Clear
2023-06-27 14:00:00,85.1,39.2,7.4,0.0,Partly Cloudy
2023-06-27 15:00:00,79.7,87.4,10.8,0.0,Partly Cloudy
2023-06-27 16:00:00,81.9,59.2,9.3,0.0,Clear
2023-06-27 17:00:00,77.8,52.5,12.3,0.0,Clear
2023-06-27 18:00:00,78.5,59.5,8.1,0.0,Partly Cloudy
2023-06-27 19:00:00,75.5,67.7,4.9,0.06,Light Rain
2023-06-27 20:00:00,67.7,65.5,8.9,0.0,Fog
2023-06-27 21:00:00,67.8,67.6,0,0.0,Partly Cloudy
2023-06-27 22:00:00,63.3,58.3,5.1,0.0,Partly Cloudy
2023-06-27 23:00:00,70.2,47.8,9.6,0.0,Partly Cloudy
2023-06-28 00:00:00,65.0,52.9,9.2,0.0,Partly Cloudy
2023-06-28 01:00:00,63.3,29.8,6.7,0.0,Clear
2023-06-28 02:00:00,67.0,53.9,6.3,0.0,Clear
2023-06-28 03:00:00,63.6,58.2,0,0.0,Partly Cloudy
2023-06-28 04:00:00,62.1,77.7,9.4,0.0,Fog
2023-06-28 05:00:00,65.6,42.3,12.2,0.0,Partly Cloudy
2023-06-28 06:00:00,72.3,48.7,5.6,0.0,Partly Cloudy
2023-06-28 07:00:00,69.4,46.0,7.3,0.0,Clear
2023-06-28 08:00:00,73.4,60.9,9.0,0.14,Light Rain
2023-06-28 09:00:00,76.7,57.4,10.0,0.0,Clear
2023-06-28 10:00:00,79.6,40.9,7.6,0.0,Clear
2023-06-28 11:00:00,76.7,59.4,0.3,0.0,Partly Cloudy
2023-06-28 12:00:00,80.4,51.4,11.7,0.0,Clear
2023-06-28 13:00:00,78.0,48.1,11.0,0.0,Clear
2023-06-28 14:00:00,80.2,39.0,5.0,0.0,Partly Cloudy
2023-06-28 15:00:00,76.4,73.1,17.4,0.0,Partly Cloudy
2023-06-28 16:00:00,78.3,74.7,9.5,0.0,Fog
2023-06-28 17:00:00,78.4,78.3,8.1,0.0,Fog
2023-06-28 18:00:00,78.6,59.1,17.2,0.0,Clear
2023-06-28 19:00:00,69.4,50.5,6.6,0.0,Partly Cloudy
2023-06-28 20:00:00,74.7,74.2,8.9,0.44,Light Rain
2023-06-28 21:00:00,78.6,64.7,2.6,0.0,Partly Cloudy
2023-06-28 22:00:00,66.4,58.9,8.0,0.0,Partly Cloudy
2023-06-28 23:00:00,68.2,60.5,1.8,0.07,Light Rain
2023-06-29 00:00:00,64.1,59.4,0.9,0.0,Partly Cloudy
2023-06-29 01:00:00,68.9,48.4,7.5,0.0,Partly Cloudy
2023-06-29 02:00:00,66.7,35.9,8.1,0.0,Partly Cloudy
2023-06-29 03:00:00,63.6,80.9,11.5,0.17,Light Rain
2023-06-29 04:00:00,67.4,59.1,3.4,0.0,Clear
2023-06-29 05:00:00,70.7,32.1,17.9,0.0,Partly Cloudy
2023-06-29 06:00:00,67.8,39.7,4.9,0.0,Partly Cloudy
2023-06-29 07:00:00,66.9,58.8,9.5,0.0,Clear
2023-06-29 08:00:00,74.8,52.5,0,0.0,Partly Cloudy
2023-06-29 09:00:00,71.0,48.3,5.2,0.0,Clear
2023-06-29 10:00:00,78.5,61.0,9.2,0.0,Partly Cloudy
2023-06-29 11:00:00,74.8,78.8,11.9,0.0,Cloudy
2023-06-29 12:00:00,79.5,56.5,7.6,0.0,Clear
2023-06-29 13:00:00,80.4,49.6,11.8,0.0,Partly Cloudy
2023-06-29 14:00:00,82.6,47.8,5.5,0.0,Partly Cloudy
2023-06-29 15:00:00,76.9,65.8,5.5,0.0,Partly Cloudy
2023-06-29 16:00:00,75.6,59.3,10.7,0.0,Clear
2023-06-29 17:00:00,72.9,55.3,2.1,0.0,Clear
2023-06-29 18:00:00,72.1,31.3,2.2,0.0,Clear
2023-06-29 19:00:00,75.8,27.9,5.5,0.0,Partly Cloudy
2023-06-29 20:00:00,76.2,50.1,12.8,0.0,Clear
2023-06-29 21:00:00,68.7,49.0,8.2,0.0,Clear
2023-06-29 22:00:00,62.3,54.6,9.9,0.0,Clear
2023-06-29 23:00:00,62.9,73.4,12.6,0.49,Light Rain
2023-06-30 00:00:00,66.4,47.7,0,0.0,Partly Cloudy
2023-06-30 01:00:00,70.0,63.3,15.1,0.0,Partly Cloudy
2023-06-30 02:00:00,63.8,76.9,8.6,0.0,Partly Cloudy
2023-06-30 03:00:00,64.7,21.8,6.9,0.0,Clear
2023-06-30 04:00:00,66.8,34.6,3.9,0.0,Partly Cloudy
2023-06-30 05:00:00,66.9,66.4,12.2,0.0,Cloudy
2023-06-30 06:00:00,72.3,46.2,10.6,0.0,Partly Cloudy
2023-06-30 07:00:00,71.8,63.5,5.8,0.0,Partly Cloudy
2023-06-30 08:00:00,74.2,57.8,11.4,0.0,Partly Cloudy
2023-06-30 09:00:00,76.6,85.6,10.0,0.0,Fog
2023-06-30 10:00:00,72.5,56.8,5.5,0.0,Partly Cloudy
2023-06-30 11:00:00,78.3,44.2,15.1,0.0,Clear
2023-06-30 12:00:00,80.0,53.1,5.9,0.0,Partly Cloudy
2023-06-30 13:00:00,84.1,53.1,12.1,0.0,Clear
2023-06-30 14:00:00,81.7,64.6,10.9,0.0,Partly Cloudy
2023-06-30 15:00:00,75.0,62.8,3.7,0.0,Partly Cloudy
2023-06-30 16:00:00,77.1,40.2,8.9,0.0,Clear
2023-06-30 17:00:00,72.8,69.1,15.2,0.0,Cloudy
2023-06-30 18:00:00,74.9,71.6,13.4,0.41,Thunderstorm
2023-06-30 19:00:00,71.1,27.9,13.5,0.0,Clear
2023-06-30 20:00:00,72.0,72.4,0,0.0,Partly Cloudy
2023-06-30 21:00:00,72.9,71.4,15.3,0.0,Partly Cloudy
2023-06-30 22:00:00,69.8,55.8,12.2,0.0,Clear
2023-06-30 23:00:00,63.2,68.5,3.5,0.0,Partly Cloudy
2023-07-01 00:00:00,63.9,40.3,14.9,0.0,Clear
2023-07-01 01:00:00,60.1,47.1,8.3,0.0,Clear
2023-07-01 02:00:00,65.7,53.8,7.9,0.0,Partly Cloudy
2023-07-01 03:00:00,71.4,49.5,1.9,0.0,Partly Cloudy
2023-07-01 04:00:00,63.4,61.7,6.2,0.0,Partly Cloudy
2023-07-01 05:00:00,69.4,53.4,7.8,0.0,Partly Cloudy
2023-07-01 06:00:00,65.3,47.4,6.8,0.0,Partly Cloudy
2023-07-01 07:00:00,75.0,96.2,12.7,0.0,Partly Cloudy
2023-07-01 08:00:00,67.9,24.3,6.5,0.0,Clear
2023-07-01 09:00:00,71.9,76.9,3.7,0.0,Fog
2023-07-01 10:00:00,74.3,62.5,12.6,0.0,Partly Cloudy
2023-07-01 11:00:00,77.1,34.8,11.7,0.0,Clear
2023-07-01 12:00:00,75.4,74.8,5.8,0.0,Partly Cloudy
2023-07-01 13:00:00,75.6,26.0,7.6,0.0,Clear
2023-07-01 14:00:00,80.1,71.3,7.6,0.0,Fog
2023-07-01 15:00:00,74.7,72.7,4.6,0.12,Rain
2023-07-01 16:00:00,72.5,70.0,4.3,0.0,Cloudy
2023-07-01 17:00:00,79.4,25.4,9.5,0.0,Clear
2023-07-01 18:00:00,73.1,56.7,12.4,0.0,Partly Cloudy
2023-07-01 19:00:00,76.6,29.1,12.2,0.0,Clear
2023-07-01 20:00:00,73.3,62.6,3.6,0.0,Partly Cloudy
2023-07-01 21:00:00,72.6,73.6,14.2,0.05,Rain
2023-07-01 22:00:00,67.7,48.1,7.7,0.0,Partly Cloudy
2023-07-01 23:00:00,67.3,61.5,14.7,0.0,Clear
2023-07-02 00:00:00,61.0,56.7,12.7,0.0,Partly Cloudy
2023-07-02 01:00:00,68.3,23.1,13.9,0.0,Partly Cloudy
2023-07-02 02:00:00,69.8,55.5,6.8,0.0,Partly Cloudy
2023-07-02 03:00:00,58.8,55.8,3.1,0.0,Clear
2023-07-02 04:00:00,64.3,36.1,8.0,0.0,Partly Cloudy
2023-07-02 05:00:00,72.2,52.3,9.7,0.0,Partly Cloudy
2023-07-02 06:00:00,71.9,79.2,7.0,0.0,Partly Cloudy
2023-07-02 07:00:00,73.0,34.1,10.5,0.0,Clear
2023-07-02 08:00:00,68.6,82.0,6.4,0.0,Partly Cloudy
2023-07-02 09:00:00,75.1,65.6,8.3,0.0,Cloudy
2023-07-02 10:00:00,74.7,35.1,9.9,0.0,Clear
2023-07-02 11:00:00,79.1,39.8,12.0,0.0,Clear
2023-07-02 12:00:00,77.4,52.4,13.9,0.0,Clear
2023-07-02 13:00:00,83.2,49.2,4.1,0.0,Partly Cloudy
2023-07-02 14:00:00,82.8,63.0,7.2,0.0,Clear
2023-07-02 15:00:00,77.7,48.0,13.6,0.0,Partly Cloudy
2023-07-02 16:00:00,74.8,38.8,0.5,0.0,Clear
2023-07-02 17:00:00,79.8,49.6,14.9,0.0,Partly Cloudy
2023-07-02 18:00:00,75.8,64.5,7.6,0.0,Partly Cloudy
2023-07-02 19:00:00,77.3,53.8,9.1,0.0,Partly Cloudy
2023-07-02 20:00:00,76.0,42.8,5.1,0.0,Clear
2023-07-02 21:00:00,70.9,39.5,0.3,0.0,Partly Cloudy
2023-07-02 22:00:00,69.9,60.3,1.6,0.0,Partly Cloudy
2023-07-02 23:00:00,67.3,44.8,4.5,0.0,Partly Cloudy
2023-07-03 00:00:00,66.2,59.8,11.1,0.0,Partly Cloudy
2023-07-03 01:00:00,60.6,40.6,12.6,0.0,Partly Cloudy
2023-07-03 02:00:00,66.2,48.3,8.1,0.0,Clear
2023-07-03 03:00:00,65.3,50.2,5.9,0.0,Partly Cloudy
2023-07-03 04:00:00,72.2,32.0,7.3,0.0,Partly Cloudy
2023-07-03 05:00:00,72.6,58.8,5.7,0.0,Partly Cloudy
2023-07-03 06:00:00,66.6,64.7,11.1,0.0,Partly Cloudy
2023-07-03 07:00:00,66.8,39.1,2.3,0.0,Clear
2023-07-03 08:00:00,75.5,72.9,15.7,0.46,Rain
2023-07-03 09:00:00,73.1,62.3,2.3,0.0,Partly Cloudy
2023-07-03 10:00:00,76.0,34.7,13.4,0.0,Clear
2023-07-03 11:00:00,72.1,37.7,8.5,0.0,Partly Cloudy
2023-07-03 12:00:00,77.3,57.0,7.6,0.0,Clear
2023-07-03 13:00:00,79.4,77.1,7.2,0.0,Fog
2023-07-03 14:00:00,78.9,44.2,7.3,0.0,Partly Cloudy
2023-07-03 15:00:00,76.4,71.7,14.0,0.0,Cloudy
2023-07-03 16:00:00,77.2,48.1,12.5,0.0,Clear
2023-07-03 17:00:00,72.0,70.6,10.1,0.49,Light Rain
2023-07-03 18:00:00,71.5,54.2,2.7,0.0,Clear
2023-07-03 19:00:00,77.6,28.9,9.8,0.0,Partly Cloudy
2023-07-03 20:00:00,75.3,64.3,3.5,0.0,Clear
2023-07-03 21:00:00,78.5,67.4,10.5,0.0,Cloudy
2023-07-03 22:00:00,71.7,31.4,13.5,0.0,Clear
2023-07-03 23:00:00,66.8,45.7,4.4,0.0,Partly Cloudy
2023-07-04 00:00:00,65.7,58.8,8.7,0.0,Partly Cloudy
2023-07-04 01:00:00,69.7,52.0,4.3,0.0,Partly Cloudy
2023-07-04 02:00:00,70.2,71.6,8.6,0.0,Partly Cloudy
2023-07-04 03:00:00,69.1,41.1,6.9,0.0,Clear
2023-07-04 04:00:00,68.1,57.5,12.0,0.0,Partly Cloudy
2023-07-04 05:00:00,71.6,71.1,11.4,0.47,Rain
2023-07-04 06:00:00,70.6,82.3,9.3,0.1,Light Rain
2023-07-04 07:00:00,73.4,51.4,6.2,0.0,Partly Cloudy
2023-07-04 08:00:00,68.5,60.3,0,0.11,Light Rain
2023-07-04 09:00:00,73.7,39.9,6.6,0.0,Partly Cloudy
2023-07-04 10:00:00,80.0,43.0,13.2,0.0,Clear
2023-07-04 11:00:00,74.4,54.0,5.9,0.0,Partly Cloudy
2023-07-04 12:00:00,76.2,37.9,4.4,0.0,Partly Cloudy
2023-07-04 13:00:00,85.5,88.1,6.9,0.0,Partly Cloudy
2023-07-04 14:00:00,84.6,52.0,10.8,0.0,Partly Cloudy
2023-07-04 15:00:00,82.2,65.4,3.8,0.0,Fog
2023-07-04 16:00:00,82.3,46.6,9.7,0.0,Partly Cloudy
2023-07-04 17:00:00,80.9,41.9,0,0.0,Clear
2023-07-04 18:00:00,79.7,52.5,12.6,0.0,Partly Cloudy
2023-07-04 19:00:00,73.0,48.7,1.4,0.0,Partly Cloudy
2023-07-04 20:00:00,66.2,37.2,6.5,0.0,Partly Cloudy
2023-07-04 21:00:00,66.5,66.3,5.1,0.02,Light Rain
2023-07-04 22:00:00,68.7,58.4,11.0,0.0,Clear
2023-07-04 23:00:00,68.7,77.6,7.4,0.04,Rain
2023-07-05 00:00:00,67.6,72.9,5.2,0.0,Fog
2023-07-05 01:00:00,69.1,71.3,3.1,0.0,Fog
2023-07-05 02:00:00,65.5,76.6,11.5,0.0,Partly Cloudy
2023-07-05 03:00:00,65.2,59.9,7.7,0.0,Partly Cloudy
2023-07-05 04:00:00,68.3,83.9,10.8,0.32,Thunderstorm
2023-07-05 05:00:00,65.5,39.9,2.6,0.0,Clear
2023-07-05 06:00:00,70.8,20,7.3,0.0,Clear
2023-07-05 07:00:00,72.8,58.6,10.3,0.0,Clear
2023-07-05 08:00:00,70.3,66.1,6.0,0.0,Partly Cloudy
2023-07-05 09:00:00,73.5,71.8,8.2,0.14,Light Rain
2023-07-05 10:00:00,71.3,40.2,2.6,0.0,Partly Cloudy
2023-07-05 11:00:00,72.9,35.5,8.3,0.0,Partly Cloudy
2023-07-05 12:00:00,82.8,65.4,0,0.0,Fog
2023-07-05 13:00:00,78.8,65.1,12.2,0.0,Partly Cloudy
2023-07-05 14:00:00,81.9,65.2,6.1,0.0,Fog
2023-07-05 15:00:00,82.5,20,5.4,0.0,Clear
2023-07-05 16:00:00,80.6,64.1,8.3,0.0,Clear
2023-07-05 17:00:00,81.3,77.0,6.5,0.0,Cloudy
2023-07-05 18:00:00,72.7,67.3,6.2,0.0,Partly Cloudy
2023-07-05 19:00:00,80.5,37.2,7.6,0.0,Partly Cloudy
2023-07-05 20:00:00,78.7,63.7,9.7,0.0,Clear
2023-07-05 21:00:00,74.4,80.4,6.8,0.0,Cloudy
2023-07-05 22:00:00,67.1,32.3,10.8,0.0,Clear
2023-07-05 23:00:00,65.7,62.8,15.2,0.0,Partly Cloudy
2023-07-06 00:00:00,62.4,26.7,8.0,0.0,Partly Cloudy
2023-07-06 01:00:00,64.9,54.1,6.9,0.0,Clear
2023-07-06 02:00:00,71.7,63.9,3.1,0.0,Partly Cloudy
2023-07-06 03:00:00,65.3,41.3,10.4,0.0,Partly Cloudy
2023-07-06 04:00:00,66.2,56.1,5.7,0.0,Clear
2023-07-06 05:00:00,64.9,55.7,2.7,0.0,Clear
2023-07-06 06:00:00,67.4,68.8,6.5,0.0,Partly Cloudy
2023-07-06 07:00:00,75.6,56.5,3.7,0.0,Partly Cloudy
2023-07-06 08:00:00,73.0,51.6,9.6,0.0,Partly Cloudy
2023-07-06 09:00:00,75.9,63.5,0.5,0.0,Clear
2023-07-06 10:00:00,73.8,84.9,15.8,0.0,Cloudy
2023-07-06 11:00:00,75.9,37.0,6.3,0.0,Clear
2023-07-06 12:00:00,82.4,60.1,4.0,0.04,Light Rain
2023-07-06 13:00:00,82.5,53.7,1.6,0.0,Clear
2023-07-06 14:00:00,78.0,66.3,5.6,0.0,Partly Cloudy
2023-07-06 15:00:00,80.0,58.3,10.4,0.0,Clear
2023-07-06 16:00:00,82.8,27.0,12.4,0.0,Clear
2023-07-06 17:00:00,77.0,53.6,9.4,0.0,Clear
2023-07-06 18:00:00,76.9,73.7,11.6,0.0,Partly Cloudy
2023-07-06 19:00:00,73.3,31.5,2.1,0.0,Partly Cloudy
2023-07-06 20:00:00,70.0,56.2,4.7,0.0,Clear
2023-07-06 21:00:00,67.3,41.9,6.5,0.0,Partly Cloudy
2023-07-06 22:00:00,71.4,52.7,5.3,0.0,Partly Cloudy
2023-07-06 23:00:00,73.0,52.6,11.7,0.0,Partly Cloudy
2023-07-07 00:00:00,69.2,43.4,5.8,0.0,Clear
2023-07-07 01:00:00,68.8,64.2,12.9,0.0,Clear
2023-07-07 02:00:00,68.3,48.7,7.4,0.0,Clear
2023-07-07 03:00:00,62.6,77.7,3.1,0.0,Fog
2023-07-07 04:00:00,63.5,66.2,12.2,0.0,Fog
2023-07-07 05:00:00,66.2,29.5,9.2,0.0,Partly Cloudy
2023-07-07 06:00:00,64.9,74.8,1.3,0.26,Light Rain
2023-07-07 07:00:00,68.1,40.9,10.9,0.0,Clear
2023-07-07 08:00:00,75.9,32.8,6.2,0.0,Clear
2023-07-07 09:00:00,73.1,46.1,8.8,0.0,Clear
2023-07-07 10:00:00,75.5,37.8,6.2,0.0,Partly Cloudy
2023-07-07 11:00:00,78.9,56.3,11.1,0.0,Clear
2023-07-07 12:00:00,80.8,57.7,11.2,0.0,Partly Cloudy
2023-07-07 13:00:00,78.7,82.0,3.9,0.33,Light Rain
2023-07-07 14:00:00,80.8,37.6,11.6,0.0,Partly Cloudy
2023-07-07 15:00:00,75.3,37.8,5.5,0.0,Partly Cloudy
2023-07-07 16:00:00,77.2,43.2,3.7,0.0,Partly Cloudy
2023-07-07 17:00:00,72.6,31.7,14.1,0.0,Partly Cloudy
2023-07-07 18:00:00,72.2,79.1,3.4,0.0,Cloudy
2023-07-07 19:00:00,74.6,44.9,9.1,0.0,Partly Cloudy
2023-07-07 20:00:00,73.3,64.4,3.9,0.0,Clear
2023-07-07 21:00:00,74.9,43.5,9.8,0.0,Clear
2023-07-07 22:00:00,66.4,57.0,8.6,0.0,Partly Cloudy
2023-07-07 23:00:00,70.0,59.4,8.2,0.0,Clear
2023-07-08 00:00:00,69.3,68.5,9.7,0.0,Cloudy
2023-07-08 01:00:00,65.9,39.8,7.6,0.0,Clear
2023-07-08 02:00:00,70.4,38.3,12.2,0.0,Clear
2023-07-08 03:00:00,60.4,20,11.9,0.0,Partly Cloudy
2023-07-08 04:00:00,69.6,79.8,2.3,0.0,Fog
2023-07-08 05:00:00,65.3,45.9,7.8,0.0,Partly Cloudy
2023-07-08 06:00:00,73.5,45.5,11.5,0.0,Clear
2023-07-08 07:00:00,72.7,62.8,9.7,0.0,Partly Cloudy
2023-07-08 08:00:00,74.8,36.9,11.8,0.0,Clear
2023-07-08 09:00:00,80.2,68.3,4.6,0.0,Cloudy
2023-07-08 10:00:00,74.4,55.9,2.0,0.0,Partly Cloudy
2023-07-08 11:00:00,74.0,40.7,7.5,0.0,Clear
2023-07-08 12:00:00,77.9,40.0,12.2,0.0,Partly Cloudy
2023-07-08 13:00:00,79.1,39.0,13.8,0.0,Clear
2023-07-08 14:00:00,79.9,60.2,8.9,0.09,Light Rain
2023-07-08 15:00:00,73.9,43.9,7.2,0.0,Clear
2023-07-08 16:00:00,77.6,29.4,6.2,0.0,Clear
2023-07-08 17:00:00,76.7,47.8,9.9,0.0,Partly Cloudy
2023-07-08 18:00:00,74.7,58.9,3.3,0.0,Partly Cloudy
2023-07-08 19:00:00,76.2,64.6,4.7,0.0,Partly Cloudy
2023-07-08 20:00:00,75.9,54.2,9.5,0.0,Partly Cloudy
2023-07-08 21:00:00,75.1,63.3,12.6,0.0,Partly Cloudy
2023-07-08 22:00:00,65.4,42.9,6.3,0.0,Clear
2023-07-08 23:00:00,69.4,54.8,3.6,0.0,Clear
2023-07-09 00:00:00,70.0,65.5,9.6,0.0,Fog
2023-07-09 01:00:00,61.8,52.6,5.7,0.0,Clear
2023-07-09 02:00:00,68.9,28.7,2.7,0.0,Clear
2023-07-09 03:00:00,67.8,64.8,9.1,0.02,Light Rain
2023-07-09 04:00:00,60.6,83.8,4.3,0.0,Cloudy
2023-07-09 05:00:00,66.2,44.7,4.7,0.0,Clear
2023-07-09 06:00:00,74.2,27.0,5.4,0.0,Clear
2023-07-09 07:00:00,71.3,38.2,4.0,0.0,Partly Cloudy
2023-07-09 08:00:00,73.1,55.4,15.5,0.0,Partly Cloudy
2023-07-09 09:00:00,83.1,45.9,11.2,0.0,Clear
2023-07-09 10:00:00,71.2,52.3,9.6,0.0,Partly Cloudy
2023-07-09 11:00:00,78.1,52.1,2.9,0.0,Partly Cloudy
2023-07-09 12:00:00,75.9,77.6,9.5,0.0,Cloudy
2023-07-09 13:00:00,88.2,53.9,12.1,0.0,Clear
2023-07-09 14:00:00,78.8,48.6,6.9,0.0,Partly Cloudy
2023-07-09 15:00:00,81.8,74.6,2.9,0.0,Partly Cloudy
2023-07-09 16:00:00,74.3,45.1,8.5,0.0,Partly Cloudy
2023-07-09 17:00:00,69.9,41.7,0.3,0.0,Clear
2023-07-09 18:00:00,73.8,56.3,2.8,0.0,Clear
2023-07-09 19:00:00,78.1,50.2,5.4,0.0,Partly Cloudy
2023-07-09 20:00:00,70.7,62.3,1.9,0.0,Partly Cloudy
2023-07-09 21:00:00,70.5,73.7,11.3,0.14,Light Rain
2023-07-09 22:00:00,67.3,57.1,10.5,0.0,Clear
2023-07-09 23:00:00,67.1,45.0,8.0,0.0,Clear
2023-07-10 00:00:00,68.6,47.7,8.9,0.0,Partly Cloudy
2023-07-10 01:00:00,69.4,59.0,9.6,0.0,Clear
2023-07-10 02:00:00,65.2,35.2,2.9,0.0,Clear
2023-07-10 03:00:00,63.9,63.3,4.9,0.0,Partly Cloudy
2023-07-10 04:00:00,58.6,57.5,10.8,0.0,Clear
2023-07-10 05:00:00,67.5,55.0,5.9,0.0,Partly Cloudy
2023-07-10 06:00:00,66.5,57.5,4.0,0.0,Clear
2023-07-10 07:00:00,71.7,47.7,8.5,0.0,Partly Cloudy
2023-07-10 08:00:00,73.0,56.8,6.2,0.0,Clear
2023-07-10 09:00:00,72.1,45.6,12.9,0.0,Partly Cloudy
2023-07-10 10:00:00,77.1,65.8,6.8,0.0,Cloudy
2023-07-10 11:00:00,85.2,44.7,8.0,0.0,Partly Cloudy
2023-07-10 12:00:00,77.2,66.4,3.0,0.0,Fog
2023-07-10 13:00:00,81.9,55.9,9.8,0.0,Partly Cloudy
2023-07-10 14:00:00,83.5,37.0,9.6,0.0,Clear
2023-07-10 15:00:00,79.1,52.9,8.1,0.0,Partly Cloudy
2023-07-10 16:00:00,69.3,55.1,10.8,0.0,Partly Cloudy
2023-07-10 17:00:00,74.8,57.8,4.7,0.0,Clear
2023-07-10 18:00:00,72.5,68.7,14.8,0.0,Fog
2023-07-10 19:00:00,76.7,75.4,11.8,0.19,Thunderstorm
2023-07-10 20:00:00,75.3,50.2,10.0,0.0,Clear
2023-07-10 21:00:00,71.9,35.8,5.3,0.0,Clear
2023-07-10 22:00:00,72.6,53.4,5.8,0.0,Partly Cloudy
2023-07-10 23:00:00,71.9,66.3,5.5,0.0,Fog
2023-07-11 00:00:00,73.2,46.9,2.2,0.0,Partly Cloudy
2023-07-11 01:00:00,62.0,41.7,4.2,0.0,Clear
2023-07-11 02:00:00,69.8,61.6,5.7,0.0,Partly Cloudy
2023-07-11 03:00:00,71.4,52.8,12.3,0.0,Partly Cloudy
2023-07-11 04:00:00,67.3,36.8,5.7,0.0,Clear
2023-07-11 05:00:00,69.4,62.8,10.1,0.0,Clear
2023-07-11 06:00:00,71.1,69.6,15.8,0.0,Cloudy
2023-07-11 07:00:00,75.8,69.9,8.7,0.0,Cloudy
2023-07-11 08:00:00,76.6,67.6,16.0,0.0,Cloudy
2023-07-11 09:00:00,78.3,55.2,11.3,0.0,Clear
2023-07-11 10:00:00,80.2,76.0,13.8,0.0,Partly Cloudy
2023-07-11 11:00:00,78.6,25.3,9.7,0.0,Partly Cloudy
2023-07-11 12:00:00,77.8,52.6,12.7,0.0,Partly Cloudy
2023-07-11 13:00:00,79.6,40.5,3.8,0.0,Partly Cloudy
2023-07-11 14:00:00,78.1,51.9,6.6,0.0,Clear
2023-07-11 15:00:00,83.4,60.5,3.9,0.0,Partly Cloudy
2023-07-11 16:00:00,79.6,56.8,1.3,0.0,Clear
2023-07-11 17:00:00,77.1,45.6,11.7,0.0,Clear
2023-07-11 18:00:00,75.0,38.9,8.1,0.0,Partly Cloudy
2023-07-11 19:00:00,72.3,61.0,2.9,0.0,Partly Cloudy
2023-07-11 20:00:00,75.7,83.7,5.2,0.0,Partly Cloudy
2023-07-11 21:00:00,72.7,56.1,9.6,0.0,Clear
2023-07-11 22:00:00,65.0,52.2,3.3,0.0,Partly Cloudy
2023-07-11 23:00:00,65.8,49.7,14.4,0.0,Partly Cloudy
2023-07-12 00:00:00,62.4,70.3,9.4,0.0,Partly Cloudy
2023-07-12 01:00:00,69.7,49.7,3.6,0.0,Partly Cloudy
2023-07-12 02:00:00,68.4,55.6,5.5,0.0,Clear
2023-07-12 03:00:00,67.0,53.4,10.0,0.0,Partly Cloudy
2023-07-12 04:00:00,67.2,44.2,10.7,0.0,Partly Cloudy
2023-07-12 05:00:00,71.8,31.9,11.4,0.0,Partly Cloudy
2023-07-12 06:00:00,73.8,54.8,8.9,0.0,Clear
2023-07-12 07:00:00,69.4,79.3,10.4,0.24,Light Rain
2023-07-12 08:00:00,75.3,48.1,7.5,0.0,Clear
2023-07-12 09:00:00,75.3,24.5,15.2,0.0,Clear
2023-07-12 10:00:00,76.4,51.1,1.3,0.0,Clear
2023-07-12 11:00:00,79.2,32.6,9.0,0.0,Partly Cloudy
2023-07-12 12:00:00,81.1,51.6,7.1,0.0,Clear
2023-07-12 13:00:00,76.1,54.6,13.7,0.0,Clear
2023-07-12 14:00:00,81.8,58.8,2.6,0.0,Clear
2023-07-12 15:00:00,74.0,46.1,5.4,0.0,Clear
2023-07-12 16:00:00,80.6,35.9,5.6,0.0,Clear
2023-07-12 17:00:00,79.3,34.9,5.0,0.0,Clear
2023-07-12 18:00:00,75.6,59.7,9.0,0.0,Partly Cloudy
2023-07-12 19:00:00,76.1,100,2.3,0.1,Light Rain
2023-07-12 20:00:00,71.9,29.7,10.0,0.0,Partly Cloudy
2023-07-12 21:00:00,73.5,60.5,4.0,0.0,Partly Cloudy
2023-07-12 22:00:00,69.5,61.3,11.7,0.0,Partly Cloudy
2023-07-12 23:00:00,66.9,38.2,6.8,0.0,Clear
2023-07-13 00:00:00,65.0,51.4,0.1,0.0,Clear
2023-07-13 01:00:00,68.8,62.9,9.0,0.0,Partly Cloudy
2023-07-13 02:00:00,64.4,50.7,8.8,0.0,Clear
2023-07-13 03:00:00,64.1,70.5,4.3,0.0,Partly Cloudy
2023-07-13 04:00:00,66.8,33.4,4.2,0.0,Partly Cloudy
2023-07-13 05:00:00,68.4,55.9,5.7,0.0,Partly Cloudy
2023-07-13 06:00:00,68.7,74.3,11.7,0.42,Light Rain
2023-07-13 07:00:00,74.4,56.6,8.9,0.0,Clear
2023-07-13 08:00:00,72.2,55.6,1.1,0.0,Partly Cloudy
2023-07-13 09:00:00,72.6,32.0,7.0,0.0,Partly Cloudy
2023-07-13 10:00:00,78.6,58.2,7.9,0.0,Clear
2023-07-13 11:00:00,77.6,35.8,0.4,0.0,Clear
2023-07-13 12:00:00,75.4,59.3,3.8,0.0,Partly Cloudy
2023-07-13 13:00:00,84.9,66.7,1.6,0.1,Light Rain
2023-07-13 14:00:00,77.8,50.6,8.8,0.0,Clear
2023-07-13 15:00:00,80.1,61.6,7.6,0.0,Partly Cloudy
2023-07-13 16:00:00,81.0,72.0,8.0,0.38,Rain
2023-07-13 17:00:00,82.3,54.4,1.2,0.0,Partly Cloudy
2023-07-13 18:00:00,74.5,34.2,6.3,0.0,Clear
2023-07-13 19:00:00,75.7,38.1,6.5,0.0,Clear
2023-07-13 20:00:00,69.6,50.7,15.9,0.0,Partly Cloudy
2023-07-13 21:00:00,69.5,63.7,4.6,0.0,Partly Cloudy
2023-07-13 22:00:00,67.6,42.8,9.5,0.0,Partly Cloudy
2023-07-13 23:00:00,74.1,44.5,11.4,0.0,Partly Cloudy
2023-07-14 00:00:00,68.5,55.0,7.8,0.0,Clear
2023-07-14 01:00:00,68.3,67.7,7.9,0.0,Cloudy
2023-07-14 02:00:00,68.3,67.7,9.3,0.0,Fog
2023-07-14 03:00:00,60.6,35.5,7.6,0.0,Clear
2023-07-14 04:00:00,70.5,64.3,9.7,0.0,Clear
2023-07-14 05:00:00,71.2,57.9,15.3,0.0,Clear
2023-07-14 06:00:00,67.2,46.7,8.3,0.0,Partly Cloudy
2023-07-14 07:00:00,73.4,57.5,5.6,0.0,Clear
2023-07-14 08:00:00,71.6,47.9,7.4,0.0,Clear
2023-07-14 09:00:00,71.3,61.4,0,0.0,Partly Cloudy
2023-07-14 10:00:00,71.5,70.1,10.0,0.0,Cloudy
2023-07-14 11:00:00,76.7,40.9,3.8,0.0,Clear
2023-07-14 12:00:00,79.4,59.1,5.8,0.0,Clear
2023-07-14 13:00:00,80.8,67.8,12.9,0.0,Partly Cloudy
2023-07-14 14:00:00,82.8,35.4,11.6,0.0,Partly Cloudy
2023-07-14 15:00:00,82.9,63.1,10.9,0.0,Clear
2023-07-14 16:00:00,77.5,51.5,4.6,0.0,Clear
2023-07-14 17:00:00,80.1,56.3,3.4,0.0,Clear
2023-07-14 18:00:00,72.4,56.7,9.8,0.0,Clear
2023-07-14 19:00:00,79.1,55.6,11.1,0.0,Partly Cloudy
2023-07-14 20:00:00,70.7,85.5,13.0,0.0,Partly Cloudy
2023-07-14 21:00:00,74.6,42.7,12.8,0.0,Partly Cloudy
2023-07-14 22:00:00,72.1,67.2,11.1,0.0,Partly Cloudy
2023-07-14 23:00:00,64.4,81.6,10.1,0.19,Thunderstorm
2023-07-15 00:00:00,68.7,49.2,17.2,0.0,Clear
2023-07-15 01:00:00,70.3,73.9,2.6,0.35,Light Rain
2023-07-15 02:00:00,66.7,70.9,4.8,0.28,Rain
2023-07-15 03:00:00,72.2,35.0,6.3,0.0,Clear
2023-07-15 04:00:00,66.4,34.0,1.8,0.0,Clear
2023-07-15 05:00:00,73.9,54.8,9.4,0.0,Clear
2023-07-15 06:00:00,71.9,34.8,13.5,0.0,Clear
2023-07-15 07:00:00,73.8,75.1,10.4,0.0,Partly Cloudy
2023-07-15 08:00:00,74.3,52.8,11.9,0.0,Clear
2023-07-15 09:00:00,72.2,72.7,7.4,0.0,Partly Cloudy
2023-07-15 10:00:00,79.3,41.3,9.8,0.0,Partly Cloudy
2023-07-15 11:00:00,81.6,33.0,5.6,0.0,Clear
2023-07-15 12:00:00,79.9,73.4,6.0,0.18,Rain
2023-07-15 13:00:00,84.0,47.2,10.7,0.0,Partly Cloudy
2023-07-15 14:00:00,84.5,35.5,14.1,0.0,Clear
2023-07-15 15:00:00,77.0,89.4,4.6,0.18,Rain
2023-07-15 16:00:00,79.2,49.6,0.5,0.0,Clear
2023-07-15 17:00:00,83.5,38.0,10.6,0.0,Partly Cloudy
2023-07-15 18:00:00,83.3,48.9,5.6,0.0,Clear
2023-07-15 19:00:00,78.7,43.6,3.7,0.0,Clear
2023-07-15 20:00:00,75.5,45.2,6.6,0.0,Clear
2023-07-15 21:00:00,68.9,25.3,11.7,0.0,Clear
2023-07-15 22:00:00,68.7,38.9,8.8,0.0,Clear
2023-07-15 23:00:00,70.3,66.5,15.0,0.0,Cloudy
2023-07-16 00:00:00,68.6,24.2,4.5,0.0,Partly Cloudy
2023-07-16 01:00:00,69.6,54.2,0.6,0.0,Partly Cloudy
2023-07-16 02:00:00,69.1,62.9,8.6,0.0,Partly Cloudy
2023-07-16 03:00:00,68.5,38.7,4.6,0.0,Clear
2023-07-16 04:00:00,68.1,58.4,14.1,0.0,Clear
2023-07-16 05:00:00,72.0,34.6,7.9,0.0,Partly Cloudy
2023-07-16 06:00:00,72.2,68.6,5.6,0.0,Partly Cloudy
2023-07-16 07:00:00,72.8,55.2,7.3,0.0,Partly Cloudy
2023-07-16 08:00:00,76.0,51.7,6.7,0.0,Clear
2023-07-16 09:00:00,73.7,86.4,11.7,0.0,Partly Cloudy
2023-07-16 10:00:00,74.7,27.1,11.2,0.0,Clear
2023-07-16 11:00:00,76.4,33.2,3.3,0.0,Partly Cloudy
2023-07-16 12:00:00,74.4,76.9,3.5,0.0,Cloudy
2023-07-16 13:00:00,79.9,38.7,7.4,0.0,Clear
2023-07-16 14:00:00,84.6,47.2,0,0.0,Clear
2023-07-16 15:00:00,79.5,38.1,6.3,0.0,Clear
2023-07-16 16:00:00,81.2,70.0,13.2,0.0,Cloudy
2023-07-16 17:00:00,75.1,36.7,10.6,0.0,Clear
2023-07-16 18:00:00,74.6,24.8,2.4,0.0,Clear
2023-07-16 19:00:00,76.5,53.7,6.1,0.0,Clear
2023-07-16 20:00:00,71.9,63.3,12.3,0.0,Clear
2023-07-16 21:00:00,73.0,59.8,6.8,0.0,Partly Cloudy
2023-07-16 22:00:00,68.7,24.5,9.8,0.0,Clear
2023-07-16 23:00:00,64.9,74.7,11.4,0.11,Light Rain
2023-07-17 00:00:00,67.0,20,6.2,0.0,Partly Cloudy
2023-07-17 01:00:00,67.0,63.8,8.7,0.0,Clear
2023-07-17 02:00:00,69.0,62.1,8.2,0.0,Partly Cloudy
2023-07-17 03:00:00,67.2,52.7,10.5,0.0,Clear
2023-07-17 04:00:00,68.4,54.7,8.1,0.0,Partly Cloudy
2023-07-17 05:00:00,69.2,66.6,4.0,0.13,Light Rain
2023-07-17 06:00:00,71.4,74.9,3.9,0.3,Light Rain
2023-07-17 07:00:00,73.1,63.9,5.8,0.0,Clear
2023-07-17 08:00:00,75.8,57.6,7.4,0.0,Clear
2023-07-17 09:00:00,75.0,40.7,1.4,0.0,Partly Cloudy
2023-07-17 10:00:00,76.5,60.6,17.9,0.0,Partly Cloudy
2023-07-17 11:00:00,84.7,37.4,4.1,0.0,Clear
2023-07-17 12:00:00,85.0,49.8,7.3,0.0,Partly Cloudy
2023-07-17 13:00:00,82.3,40.9,15.7,0.0,Clear
2023-07-17 14:00:00,83.4,26.2,12.1,0.0,Clear
2023-07-17 15:00:00,83.0,50.9,5.0,0.0,Partly Cloudy
2023-07-17 16:00:00,75.6,51.4,6.5,0.0,Clear
2023-07-17 17:00:00,77.7,32.2,8.6,0.0,Partly Cloudy
2023-07-17 18:00:00,71.9,67.9,7.7,0.0,Cloudy
2023-07-17 19:00:00,79.6,41.8,4.9,0.0,Partly Cloudy
2023-07-17 20:00:00,72.2,55.4,3.1,0.0,Clear
2023-07-17 21:00:00,69.6,58.3,8.0,0.0,Clear
2023-07-17 22:00:00,71.0,44.8,4.9,0.0,Clear
2023-07-17 23:00:00,67.6,45.3,12.4,0.0,Clear
2023-07-18 00:00:00,70.3,55.7,6.6,0.0,Partly Cloudy
2023-07-18 01:00:00,73.5,49.1,12.8,0.0,Clear
2023-07-18 02:00:00,70.3,63.9,3.9,0.0,Clear
2023-07-18 03:00:00,70.6,64.8,15.1,0.0,Partly Cloudy
2023-07-18 04:00:00,72.9,41.5,5.2,0.0,Partly Cloudy
2023-07-18 05:00:00,67.0,69.5,4.9,0.0,Partly Cloudy
2023-07-18 06:00:00,72.2,52.8,2.9,0.0,Partly Cloudy
2023-07-18 07:00:00,72.3,52.3,7.7,0.0,Partly Cloudy
2023-07-18 08:00:00,76.2,25.1,1.6,0.0,Partly Cloudy
2023-07-18 09:00:00,82.1,62.4,4.9,0.0,Clear
2023-07-18 10:00:00,74.6,48.6,1.4,0.0,Partly Cloudy
2023-07-18 11:00:00,75.4,51.4,4.7,0.0,Clear
2023-07-18 12:00:00,80.1,61.3,10.8,0.0,Partly Cloudy
2023-07-18 13:00:00,79.7,57.7,11.3,0.0,Clear
2023-07-18 14:00:00,82.7,57.9,8.5,0.0,Clear
2023-07-18 15:00:00,83.0,64.9,0,0.0,Partly Cloudy
2023-07-18 16:00:00,84.6,43.8,1.2,0.0,Clear
2023-07-18 17:00:00,78.0,55.8,6.2,0.0,Clear
2023-07-18 18:00:00,77.5,58.9,1.9,0.0,Clear
2023-07-18 19:00:00,79.7,89.8,8.2,0.0,Cloudy
2023-07-18 20:00:00,71.1,82.3,13.4,0.12,Light Rain
2023-07-18 21:00:00,75.9,48.4,5.9,0.0,Clear
2023-07-18 22:00:00,72.1,66.3,6.2,0.0,Cloudy
2023-07-18 23:00:00,72.7,59.1,9.6,0.0,Clear
2023-07-19 00:00:00,69.2,68.4,7.1,0.0,Partly Cloudy
2023-07-19 01:00:00,69.9,46.8,6.9,0.0,Partly Cloudy
2023-07-19 02:00:00,66.3,46.1,6.0,0.0,Partly Cloudy
2023-07-19 03:00:00,68.9,59.0,7.3,0.0,Partly Cloudy
2023-07-19 04:00:00,71.4,60.2,10.3,0.0,Partly Cloudy
2023-07-19 05:00:00,73.5,45.3,5.7,0.0,Clear
2023-07-19 06:00:00,70.4,33.2,0,0.0,Partly Cloudy
2023-07-19 07:00:00,71.2,49.0,7.3,0.0,Partly Cloudy
2023-07-19 08:00:00,76.5,62.4,3.8,0.0,Clear
2023-07-19 09:00:00,71.9,74.7,14.7,0.19,Light Rain
2023-07-19 10:00:00,76.0,33.9,10.0,0.0,Partly Cloudy
2023-07-19 11:00:00,72.9,49.5,8.1,0.0,Clear
2023-07-19 12:00:00,78.4,68.4,11.3,0.0,Cloudy
2023-07-19 13:00:00,86.4,39.7,7.8,0.0,Clear
2023-07-19 14:00:00,81.4,74.3,9.3,0.0,Fog
2023-07-19 15:00:00,78.3,55.3,10.4,0.0,Partly Cloudy
2023-07-19 16:00:00,78.4,64.1,10.1,0.0,Partly Cloudy
2023-07-19 17:00:00,75.2,42.5,6.5,0.0,Clear
2023-07-19 18:00:00,79.5,74.8,7.6,0.0,Fog
2023-07-19 19:00:00,71.2,36.4,9.2,0.0,Partly Cloudy
2023-07-19 20:00:00,77.8,88.5,9.7,0.0,Partly Cloudy
2023-07-19 21:00:00,73.5,44.9,13.1,0.0,Clear
2023-07-19 22:00:00,76.1,69.9,14.6,0.0,Cloudy
2023-07-19 23:00:00,65.7,56.0,2.1,0.0,Partly Cloudy
2023-07-20 00:00:00,65.6,52.1,5.7,0.0,Partly Cloudy
2023-07-20 01:00:00,67.6,46.8,14.8,0.0,Partly Cloudy
2023-07-20 02:00:00,74.7,37.7,6.2,0.0,Clear
2023-07-20 03:00:00,62.0,37.1,5.3,0.0,Partly Cloudy
2023-07-20 04:00:00,71.9,31.0,16.0,0.0,Clear
2023-07-20 05:00:00,72.5,74.2,8.0,0.0,Partly Cloudy
2023-07-20 06:00:00,73.0,46.8,6.8,0.0,Partly Cloudy
2023-07-20 07:00:00,70.2,51.4,4.0,0.0,Partly Cloudy
2023-07-20 08:00:00,70.3,48.8,5.4,0.0,Partly Cloudy
2023-07-20 09:00:00,76.3,62.8,4.9,0.0,Partly Cloudy
2023-07-20 10:00:00,82.0,54.6,9.0,0.0,Clear
2023-07-20 11:00:00,79.9,74.3,14.5,0.0,Cloudy
2023-07-20 12:00:00,84.2,65.9,4.2,0.0,Fog
2023-07-20 13:00:00,83.7,74.0,5.6,0.0,Partly Cloudy
2023-07-20 14:00:00,81.9,62.1,7.6,0.0,Clear
2023-07-20 15:00:00,82.2,52.2,4.9,0.0,Partly Cloudy
2023-07-20 16:00:00,81.3,55.9,4.2,0.0,Partly Cloudy
2023-07-20 17:00:00,79.3,61.0,7.6,0.0,Partly Cloudy
2023-07-20 18:00:00,76.4,56.3,9.3,0.0,Partly Cloudy
2023-07-20 19:00:00,75.2,39.9,3.7,0.0,Clear
2023-07-20 20:00:00,73.0,37.9,3.2,0.0,Partly Cloudy
2023-07-20 21:00:00,71.1,52.8,7.9,0.0,Partly Cloudy
2023-07-20 22:00:00,68.2,53.7,7.6,0.0,Partly Cloudy
2023-07-20 23:00:00,66.9,54.0,9.0,0.0,Partly Cloudy
2023-07-21 00:00:00,68.1,35.9,12.2,0.0,Clear
2023-07-21 01:00:00,69.9,35.3,5.4,0.0,Partly Cloudy
2023-07-21 02:00:00,70.2,35.4,7.6,0.0,Clear
2023-07-21 03:00:00,69.9,62.2,5.4,0.0,Partly Cloudy
2023-07-21 04:00:00,68.3,66.4,7.7,0.0,Fog
2023-07-21 05:00:00,66.1,64.5,11.5,0.0,Partly Cloudy
2023-07-21 06:00:00,72.1,44.2,10.1,0.0,Clear
2023-07-21 07:00:00,76.5,51.5,9.4,0.0,Clear
2023-07-21 08:00:00,70.1,39.3,11.5,0.0,Partly Cloudy
2023-07-21 09:00:00,71.9,56.4,5.1,0.0,Partly Cloudy
2023-07-21 10:00:00,77.4,46.0,1.2,0.0,Clear
2023-07-21 11:00:00,76.5,39.2,2.8,0.0,Clear
2023-07-21 12:00:00,83.8,60.4,3.5,0.0,Clear
2023-07-21 13:00:00,82.7,37.9,12.3,0.0,Partly Cloudy
2023-07-21 14:00:00,83.4,73.4,5.0,0.0,Partly Cloudy
2023-07-21 15:00:00,83.2,77.1,6.6,0.46,Thunderstorm
2023-07-21 16:00:00,77.2,78.0,3.5,0.14,Light Rain
2023-07-21 17:00:00,76.4,54.3,13.3,0.0,Partly Cloudy
2023-07-21 18:00:00,78.4,30.3,7.5,0.0,Clear
2023-07-21 19:00:00,72.2,32.6,7.2,0.0,Clear
2023-07-21 20:00:00,74.5,57.0,9.5,0.0,Partly Cloudy
2023-07-21 21:00:00,73.2,60.7,9.1,0.0,Clear
2023-07-21 22:00:00,71.3,43.7,13.4,0.0,Clear
2023-07-21 23:00:00,71.1,75.3,5.8,0.0,Fog
2023-07-22 00:00:00,74.2,81.1,12.7,0.0,Fog
2023-07-22 01:00:00,70.9,20,3.8,0.0,Clear
2023-07-22 02:00:00,68.0,44.2,0,0.0,Partly Cloudy
2023-07-22 03:00:00,70.3,65.7,6.5,0.0,Fog
2023-07-22 04:00:00,69.1,41.8,8.8,0.0,Clear
2023-07-22 05:00:00,71.3,45.0,10.4,0.0,Clear
2023-07-22 06:00:00,71.5,82.4,8.7,0.0,Partly Cloudy
2023-07-22 07:00:00,74.3,62.6,12.2,0.0,Partly Cloudy
2023-07-22 08:00:00,75.7,76.1,13.4,0.05,Thunderstorm
2023-07-22 09:00:00,73.8,51.3,1.1,0.0,Clear
2023-07-22 10:00:00,79.2,49.8,2.1,0.0,Partly Cloudy
2023-07-22 11:00:00,73.9,52.6,14.2,0.0,Partly Cloudy
2023-07-22 12:00:00,77.6,46.8,12.3,0.0,Partly Cloudy
2023-07-22 13:00:00,81.0,35.1,11.7,0.0,Clear
2023-07-22 14:00:00,83.6,54.7,15.1,0.0,Partly Cloudy
2023-07-22 15:00:00,80.7,68.4,11.4,0.0,Partly Cloudy
2023-07-22 16:00:00,79.5,41.2,1.2,0.0,Clear
2023-07-22 17:00:00,73.7,35.5,13.9,0.0,Partly Cloudy
2023-07-22 18:00:00,80.7,63.1,8.6,0.0,Clear
2023-07-22 19:00:00,72.0,76.6,6.8,0.2,Light Rain
2023-07-22 20:00:00,72.9,44.6,12.9,0.0,Clear
2023-07-22 21:00:00,75.5,61.3,10.0,0.0,Clear
2023-07-22 22:00:00,70.7,55.4,4.7,0.0,Partly Cloudy
2023-07-22 23:00:00,69.7,57.7,7.8,0.0,Partly Cloudy
2023-07-23 00:00:00,73.9,64.1,9.9,0.0,Partly Cloudy
2023-07-23 01:00:00,69.3,83.2,5.0,0.0,Cloudy
2023-07-23 02:00:00,69.7,53.1,11.7,0.0,Partly Cloudy
2023-07-23 03:00:00,72.3,72.4,4.9,0.33,Light Rain
2023-07-23 04:00:00,69.4,59.2,5.5,0.0,Partly Cloudy
2023-07-23 05:00:00,75.4,33.2,3.1,0.0,Clear
2023-07-23 06:00:00,72.5,48.5,0.8,0.0,Clear
2023-07-23 07:00:00,73.5,64.3,9.0,0.0,Partly Cloudy
2023-07-23 08:00:00,71.3,91.6,6.1,0.0,Cloudy
2023-07-23 09:00:00,75.7,43.7,6.0,0.0,Clear
2023-07-23 10:00:00,77.2,80.0,9.9,0.13,Thunderstorm
2023-07-23 11:00:00,81.9,61.7,8.5,0.0,Partly Cloudy
2023-07-23 12:00:00,81.0,52.4,7.6,0.0,Clear
2023-07-23 13:00:00,82.5,76.0,5.2,0.0,Fog
2023-07-23 14:00:00,85.8,30.8,7.0,0.0,Partly Cloudy
2023-07-23 15:00:00,80.5,39.7,7.4,0.0,Clear
2023-07-23 16:00:00,80.3,52.3,10.0,0.0,Clear
2023-07-23 17:00:00,82.6,36.7,3.0,0.0,Partly Cloudy
2023-07-23 18:00:00,74.6,64.4,12.2,0.0,Partly Cloudy
2023-07-23 19:00:00,84.7,83.7,0,0.0,Fog
2023-07-23 20:00:00,73.6,44.8,10.5,0.0,Partly Cloudy
2023-07-23 21:00:00,78.5,46.2,8.0,0.0,Clear
2023-07-23 22:00:00,74.6,59.8,8.8,0.0,Partly Cloudy
2023-07-23 23:00:00,72.6,78.7,9.8,0.0,Cloudy
2023-07-24 00:00:00,67.6,55.7,13.1,0.0,Partly Cloudy
2023-07-24 01:00:00,66.1,33.3,11.2,0.0,Partly Cloudy
2023-07-24 02:00:00,69.2,62.2,8.4,0.0,Clear
2023-07-24 03:00:00,71.3,47.5,10.0,0.0,Partly Cloudy
2023-07-24 04:00:00,68.2,52.4,5.4,0.0,Partly Cloudy
2023-07-24 05:00:00,71.4,61.3,11.5,0.0,Clear
2023-07-24 06:00:00,66.5,24.9,8.6,0.0,Clear
2023-07-24 07:00:00,75.1,53.6,9.9,0.0,Partly Cloudy
2023-07-24 08:00:00,73.3,57.4,3.4,0.0,Clear
2023-07-24 09:00:00,81.8,60.3,2.5,0.0,Clear
2023-07-24 10:00:00,74.7,46.0,8.5,0.0,Partly Cloudy
2023-07-24 11:00:00,82.6,61.8,5.9,0.0,Partly Cloudy
2023-07-24 12:00:00,80.2,78.9,7.7,0.0,Fog
2023-07-24 13:00:00,80.3,86.3,5.1,0.0,Cloudy
2023-07-24 14:00:00,87.3,59.2,8.1,0.0,Partly Cloudy
2023-07-24 15:00:00,81.8,28.4,8.9,0.0,Clear
2023-07-24 16:00:00,78.9,58.3,7.4,0.0,Partly Cloudy
2023-07-24 17:00:00,79.4,62.6,7.3,0.0,Clear
2023-07-24 18:00:00,82.5,57.2,10.3,0.0,Clear
2023-07-24 19:00:00,79.4,71.6,7.3,0.35,Light Rain
2023-07-24 20:00:00,75.8,41.0,2.5,0.0,Clear
2023-07-24 21:00:00,74.5,37.8,12.1,0.0,Clear
2023-07-24 22:00:00,70.6,79.0,6.2,0.0,Fog
2023-07-24 23:00:00,66.7,82.0,12.0,0.14,Light Rain
2023-07-25 00:00:00,66.3,27.1,10.9,0.0,Clear
2023-07-25 01:00:00,71.0,48.8,9.9,0.0,Clear
2023-07-25 02:00:00,64.4,45.4,10.3,0.0,Clear
2023-07-25 03:00:00,71.3,40.5,2.7,0.0,Clear
2023-07-25 04:00:00,69.3,29.6,4.3,0.0,Partly Cloudy
2023-07-25 05:00:00,76.5,54.1,9.4,0.0,Partly Cloudy
2023-07-25 06:00:00,68.8,60.2,10.2,0.0,Partly Cloudy
2023-07-25 07:00:00,70.7,41.3,9.1,0.0,Clear
2023-07-25 08:00:00,77.6,83.8,11.4,0.48,Light Rain
2023-07-25 09:00:00,78.3,64.3,10.0,0.0,Partly Cloudy
2023-07-25 10:00:00,79.4,63.2,8.8,0.0,Clear
2023-07-25 11:00:00,79.5,39.6,8.7,0.0,Clear
2023-07-25 12:00:00,80.9,60.2,10.0,0.0,Partly Cloudy
2023-07-25 13:00:00,81.1,43.3,9.9,0.0,Partly Cloudy
2023-07-25 14:00:00,79.8,56.9,3.0,0.0,Partly Cloudy
2023-07-25 15:00:00,82.0,52.3,10.0,0.0,Partly Cloudy
2023-07-25 16:00:00,82.3,65.3,0,0.0,Cloudy
2023-07-25 17:00:00,80.5,62.3,10.6,0.0,Clear
2023-07-25 18:00:00,77.6,43.1,15.5,0.0,Clear
2023-07-25 19:00:00,75.7,59.0,9.7,0.0,Partly Cloudy
2023-07-25 20:00:00,72.3,47.7,6.1,0.0,Clear
2023-07-25 21:00:00,75.2,34.0,0,0.0,Clear
2023-07-25 22:00:00,69.6,68.4,9.8,0.0,Partly Cloudy
2023-07-25 23:00:00,72.9,78.3,5.1,0.0,Cloudy
2023-07-26 00:00:00,74.2,55.7,11.5,0.0,Partly Cloudy
2023-07-26 01:00:00,68.9,42.8,8.5,0.0,Clear
2023-07-26 02:00:00,70.8,31.9,11.2,0.0,Clear
2023-07-26 03:00:00,68.1,51.3,0,0.0,Clear
2023-07-26 04:00:00,68.7,48.3,13.5,0.0,Clear
2023-07-26 05:00:00,71.5,48.8,8.6,0.0,Clear
2023-07-26 06:00:00,70.8,48.8,1.1,0.0,Partly Cloudy
2023-07-26 07:00:00,73.0,57.1,9.6,0.0,Partly Cloudy
2023-07-26 08:00:00,72.0,21.2,12.0,0.0,Partly Cloudy
2023-07-26 09:00:00,76.4,46.6,13.0,0.0,Clear
2023-07-26 10:00:00,80.7,47.3,12.7,0.0,Partly Cloudy
2023-07-26 11:00:00,84.5,53.2,8.4,0.0,Partly Cloudy
2023-07-26 12:00:00,76.4,88.2,9.2,0.0,Partly Cloudy
2023-07-26 13:00:00,81.9,59.1,4.9,0.0,Partly Cloudy
2023-07-26 14:00:00,83.9,39.6,10.8,0.0,Clear
2023-07-26 15:00:00,79.4,59.5,12.4,0.0,Partly Cloudy
2023-07-26 16:00:00,88.3,70.4,8.1,0.0,Partly Cloudy
2023-07-26 17:00:00,78.5,62.6,12.0,0.0,Clear
2023-07-26 18:00:00,80.1,81.9,6.9,0.0,Fog
2023-07-26 19:00:00,80.2,48.6,12.8,0.0,Partly Cloudy
2023-07-26 20:00:00,76.2,81.2,9.9,0.0,Cloudy
2023-07-26 21:00:00,75.9,37.0,1.0,0.0,Partly Cloudy
2023-07-26 22:00:00,75.1,84.5,7.4,0.0,Cloudy
2023-07-26 23:00:00,70.3,43.4,5.8,0.0,Partly Cloudy
2023-07-27 00:00:00,63.9,42.9,4.8,0.0,Clear
2023-07-27 01:00:00,67.0,38.0,12.6,0.0,Clear
2023-07-27 02:00:00,70.5,47.6,11.3,0.0,Clear
2023-07-27 03:00:00,70.4,51.9,9.0,0.0,Partly Cloudy
2023-07-27 04:00:00,63.7,71.0,6.0,0.0,Fog
2023-07-27 05:00:00,72.9,62.3,13.3,0.0,Clear
2023-07-27 06:00:00,66.6,46.7,10.8,0.0,Partly Cloudy
2023-07-27 07:00:00,69.9,51.9,14.1,0.0,Partly Cloudy
2023-07-27 08:00:00,78.7,66.2,8.3,0.0,Partly Cloudy
2023-07-27 09:00:00,76.5,57.8,3.9,0.0,Clear
2023-07-27 10:00:00,79.9,60.2,8.5,0.0,Clear
2023-07-27 11:00:00,81.9,26.0,12.4,0.0,Clear
2023-07-27 12:00:00,84.3,24.1,4.6,0.0,Partly Cloudy
2023-07-27 13:00:00,83.3,65.4,11.3,0.0,Fog
2023-07-27 14:00:00,84.7,41.3,7.8,0.0,Clear
2023-07-27 15:00:00,82.3,60.1,15.8,0.0,Clear
2023-07-27 16:00:00,80.7,64.6,12.2,0.0,Clear
2023-07-27 17:00:00,79.6,77.9,11.2,0.03,Light Rain
2023-07-27 18:00:00,79.4,37.6,9.9,0.0,Partly Cloudy
2023-07-27 19:00:00,77.5,67.2,8.9,0.02,Light Rain
2023-07-27 20:00:00,78.4,69.3,5.7,0.0,Cloudy
2023-07-27 21:00:00,72.9,79.4,12.2,0.0,Partly Cloudy
2023-07-27 22:00:00,68.9,78.6,9.1,0.12,Light Rain
2023-07-27 23:00:00,66.9,56.5,3.1,0.0,Clear
2023-07-28 00:00:00,71.4,52.9,8.0,0.0,Clear
2023-07-28 01:00:00,69.3,85.0,3.9,0.0,Fog
2023-07-28 02:00:00,66.9,46.4,10.4,0.0,Partly Cloudy
2023-07-28 03:00:00,69.1,70.6,7.5,0.0,Partly Cloudy
2023-07-28 04:00:00,70.6,60.1,12.5,0.0,Clear
2023-07-28 05:00:00,74.9,70.2,10.3,0.0,Fog
2023-07-28 06:00:00,69.5,92.9,3.2,0.43,Light Rain
2023-07-28 07:00:00,75.4,74.8,1.4,0.0,Partly Cloudy
2023-07-28 08:00:00,80.3,100,6.1,0.0,Cloudy
2023-07-28 09:00:00,77.2,66.0,10.7,0.0,Cloudy
2023-07-28 10:00:00,78.3,23.4,9.9,0.0,Clear
2023-07-28 11:00:00,82.6,44.3,12.6,0.0,Partly Cloudy
2023-07-28 12:00:00,85.7,75.0,7.5,0.0,Partly Cloudy
2023-07-28 13:00:00,80.7,56.1,0.8,0.0,Partly Cloudy
2023-07-28 14:00:00,81.9,72.5,19.3,0.0,Partly Cloudy
2023-07-28 15:00:00,80.4,63.9,9.9,0.0,Clear
2023-07-28 16:00:00,86.4,59.6,10.3,0.0,Clear
2023-07-28 17:00:00,77.0,69.5,7.3,0.0,Cloudy
2023-07-28 18:00:00,77.2,74.8,8.4,0.0,Partly Cloudy
2023-07-28 19:00:00,72.7,61.6,13.6,0.0,Partly Cloudy
2023-07-28 20:00:00,70.3,47.8,7.3,0.0,Clear
2023-07-28 21:00:00,74.0,85.8,7.5,0.23,Rain
2023-07-28 22:00:00,71.8,56.4,10.6,0.0,Partly Cloudy
2023-07-28 23:00:00,75.0,61.7,6.4,0.0,Partly Cloudy
2023-07-29 00:00:00,69.0,38.1,12.6,0.0,Partly Cloudy
2023-07-29 01:00:00,72.6,25.9,9.2,0.0,Clear
2023-07-29 02:00:00,67.0,66.1,13.4,0.0,Partly Cloudy
2023-07-29 03:00:00,69.0,53.5,8.9,0.0,Clear
2023-07-29 04:00:00,71.7,65.3,9.9,0.0,Fog
2023-07-29 05:00:00,67.5,51.3,9.5,0.0,Partly Cloudy
2023-07-29 06:00:00,75.8,54.2,10.8,0.0,Clear
2023-07-29 07:00:00,75.0,43.0,3.7,0.0,Clear
2023-07-29 08:00:00,76.7,49.6,10.4,0.0,Clear
2023-07-29 09:00:00,80.5,26.0,9.9,0.0,Partly Cloudy
2023-07-29 10:00:00,78.3,78.0,0,0.0,Fog
2023-07-29 11:00:00,75.6,69.2,10.7,0.0,Cloudy
2023-07-29 12:00:00,79.9,70.2,8.3,0.0,Partly Cloudy
2023-07-29 13:00:00,80.5,61.4,13.4,0.0,Clear
2023-07-29 14:00:00,86.7,39.3,7.7,0.0,Partly Cloudy
2023-07-29 15:00:00,84.1,62.1,2.7,0.0,Clear
2023-07-29 16:00:00,79.7,48.5,3.5,0.0,Partly Cloudy
2023-07-29 17:00:00,78.7,61.7,14.9,0.0,Partly Cloudy
2023-07-29 18:00:00,76.2,54.6,6.2,0.0,Partly Cloudy
2023-07-29 19:00:00,75.0,37.8,11.2,0.0,Partly Cloudy
2023-07-29 20:00:00,73.9,38.4,12.1,0.0,Clear
2023-07-29 21:00:00,71.4,45.8,6.7,0.0,Partly Cloudy
2023-07-29 22:00:00,72.3,76.2,10.8,0.0,Fog
2023-07-29 23:00:00,65.8,42.3,4.5,0.0,Partly Cloudy
2023-07-30 00:00:00,67.7,57.6,7.8,0.0,Partly Cloudy
2023-07-30 01:00:00,64.8,29.9,12.2,0.0,Clear
2023-07-30 02:00:00,66.0,33.4,7.7,0.0,Clear
2023-07-30 03:00:00,72.3,54.2,13.4,0.0,Partly Cloudy
2023-07-30 04:00:00,70.0,63.5,15.0,0.0,Partly Cloudy
2023-07-30 05:00:00,72.3,40.1,6.4,0.0,Clear
2023-07-30 06:00:00,73.6,66.4,14.9,0.0,Fog
2023-07-30 07:00:00,75.3,68.2,15.0,0.0,Partly Cloudy
2023-07-30 08:00:00,76.1,50.0,10.8,0.0,Partly Cloudy
2023-07-30 09:00:00,75.8,76.6,1.6,0.0,Fog
2023-07-30 10:00:00,81.1,45.1,12.1,0.0,Clear
2023-07-30 11:00:00,75.5,73.6,12.2,0.0,Fog
2023-07-30 12:00:00,88.5,44.2,7.9,0.0,Clear
2023-07-30 13:00:00,89.6,34.1,4.0,0.0,Partly Cloudy
2023-07-30 14:00:00,83.0,72.5,2.9,0.22,Light Rain
2023-07-30 15:00:00,86.5,63.2,9.7,0.0,Partly Cloudy
2023-07-30 16:00:00,81.8,75.0,4.1,0.0,Partly Cloudy
2023-07-30 17:00:00,80.5,43.9,8.5,0.0,Partly Cloudy
2023-07-30 18:00:00,84.0,30.8,3.9,0.0,Partly Cloudy
2023-07-30 19:00:00,81.0,93.8,9.4,0.0,Fog
2023-07-30 20:00:00,76.2,50.2,13.2,0.0,Partly Cloudy
2023-07-30 21:00:00,72.1,42.8,6.9,0.0,Partly Cloudy
2023-07-30 22:00:00,76.6,42.0,5.1,0.0,Partly Cloudy
2023-07-30 23:00:00,70.9,29.9,13.7,0.0,Partly Cloudy
