Date,Open,High,Low,Close,Adj Close,Volume
2019-01-02,149.55,150.17,148.08,149.72,146.73,41598928
2019-01-03,148.89,150.22,148.83,149.38,146.39,19672546
2019-01-04,149.50,151.19,148.10,149.76,146.76,33153498
2019-01-07,149.20,154.02,147.58,152.84,149.78,5436124
2019-01-08,152.69,153.52,152.26,152.96,149.90,27588477
2019-01-09,152.16,152.92,150.93,151.65,148.62,28082477
2019-01-10,152.11,153.18,146.46,148.41,145.44,30403012
2019-01-11,147.57,148.16,144.74,146.00,143.08,29268915
2019-01-14,145.09,145.55,142.44,143.02,140.16,10354748
2019-01-15,143.73,145.46,140.74,141.50,138.67,35427850
2019-01-16,141.24,141.66,139.68,140.21,137.41,48488918
2019-01-17,139.35,140.62,137.67,138.74,135.97,21428983
2019-01-18,139.72,141.11,138.61,139.83,137.03,26762245
2019-01-21,140.52,143.18,140.06,141.63,138.80,7154210
2019-01-22,140.76,144.23,139.63,142.40,139.55,26117675
2019-01-23,141.83,142.83,138.64,140.41,137.60,48141058
2019-01-24,139.90,141.02,138.32,138.85,136.07,44230901
2019-01-25,138.71,140.48,137.99,139.31,136.52,14283286
2019-01-28,138.40,138.66,137.15,138.44,135.67,33330675
2019-01-29,138.63,139.40,137.24,138.43,135.66,36410296
2019-01-30,139.15,139.17,131.60,133.04,130.38,41035468
2019-01-31,133.54,135.08,131.43,132.11,129.47,24696460
2019-02-01,133.02,134.77,129.62,130.15,127.55,38593765
2019-02-04,130.67,132.06,130.46,131.04,128.42,46963185
2019-02-05,131.26,131.57,128.71,130.24,127.64,41197113
2019-02-06,131.15,134.78,129.31,132.94,130.28,45194490
2019-02-07,133.80,135.56,131.14,132.80,130.14,25636923
2019-02-08,132.28,133.67,131.15,133.19,130.53,10285296
2019-02-11,132.33,136.73,130.80,135.21,132.51,13616205
2019-02-12,135.53,138.34,135.20,136.45,133.72,40411588
2019-02-13,135.87,139.06,134.41,137.98,135.22,18499019
2019-02-14,138.41,139.21,135.12,136.46,133.73,30059825
2019-02-15,135.70,136.15,133.53,134.21,131.53,44480729
2019-02-18,134.32,136.35,134.31,135.17,132.47,47352602
2019-02-19,134.23,136.58,133.20,135.92,133.20,23688292
2019-02-20,136.26,136.69,135.98,136.24,133.52,43322053
2019-02-21,136.19,137.00,134.74,134.93,132.23,49223583
2019-02-22,134.79,135.64,133.34,134.27,131.58,8635366
2019-02-25,133.47,134.28,130.94,131.62,128.99,12332920
2019-02-26,131.12,131.50,125.72,126.62,124.09,33311997
2019-02-27,127.37,127.67,125.75,127.52,124.97,41931706
2019-02-28,126.72,130.81,125.64,129.51,126.92,5990382
2019-03-01,130.21,134.23,129.24,133.90,131.22,19344338
2019-03-04,134.63,136.43,132.72,133.05,130.39,5144644
2019-03-05,133.62,135.56,132.77,134.65,131.96,42296980
2019-03-06,134.97,135.94,134.16,134.54,131.85,19609659
2019-03-07,134.62,138.68,134.51,137.18,134.44,44203494
2019-03-08,137.13,138.97,135.63,136.69,133.96,8817123
2019-03-11,136.06,138.73,134.71,137.54,134.79,20784266
2019-03-12,137.35,139.26,136.21,137.38,134.63,43850600
2019-03-13,137.22,138.39,134.00,135.05,132.35,22499689
2019-03-14,134.46,135.89,133.03,133.51,130.84,31560738
2019-03-15,133.42,137.37,131.55,135.51,132.80,5625149
2019-03-18,135.43,139.70,133.44,137.70,134.95,9916443
2019-03-19,136.96,137.66,135.22,135.36,132.65,21393649
2019-03-20,135.10,135.42,133.17,134.84,132.14,25301581
2019-03-21,135.15,135.17,128.69,130.32,127.71,25090967
2019-03-22,131.18,131.39,124.87,126.63,124.10,22748007
2019-03-25,126.74,127.88,125.53,127.34,124.79,28010306
2019-03-26,126.75,129.25,126.22,127.98,125.42,37784817
2019-03-27,127.08,129.26,125.42,127.99,125.43,7958612
2019-03-28,127.00,133.76,125.73,132.22,129.58,22579520
2019-03-29,132.63,134.51,132.41,133.39,130.72,15002863
2019-04-01,133.48,136.94,132.31,135.27,132.56,14938405
2019-04-02,135.00,136.87,132.83,134.77,132.07,7677299
2019-04-03,135.57,135.99,134.56,135.06,132.36,11898363
2019-04-04,135.81,137.76,132.03,133.53,130.86,20887173
2019-04-05,134.26,137.56,132.64,135.61,132.90,32668609
2019-04-08,135.27,140.79,133.67,138.93,136.15,21654221
2019-04-09,138.46,141.07,138.24,139.50,136.71,7598764
2019-04-10,140.13,141.40,139.52,140.48,137.67,20273674
2019-04-11,139.93,141.25,138.56,139.36,136.57,23696734
2019-04-12,138.92,144.27,138.12,142.99,140.13,40984828
2019-04-15,142.65,142.71,137.07,138.82,136.04,22529855
2019-04-16,138.35,141.40,137.48,141.18,138.36,26050528
2019-04-17,141.05,148.08,140.82,146.11,143.19,43694168
2019-04-18,145.98,147.44,144.37,146.40,143.47,18222803
2019-04-19,146.13,147.20,144.80,147.06,144.12,27159349
2019-04-22,146.31,148.11,143.77,144.78,141.88,49754425
2019-04-23,144.60,145.40,141.99,142.58,139.73,13542139
2019-04-24,142.34,145.25,141.99,143.75,140.88,43192007
2019-04-25,143.35,147.87,143.35,146.77,143.83,24254453
2019-04-26,146.98,148.41,146.10,147.77,144.81,19341258
2019-04-29,147.79,153.17,145.87,151.58,148.55,16387796
2019-04-30,151.91,153.15,150.43,150.62,147.61,20761764
2019-05-01,150.97,151.42,148.71,149.11,146.13,6639160
2019-05-02,149.33,156.85,148.42,155.31,152.20,47262839
2019-05-03,155.46,158.71,154.69,157.27,154.12,31820249
2019-05-06,156.28,158.95,154.74,157.45,154.30,12152952
2019-05-07,158.01,161.39,156.40,160.95,157.73,39759556
2019-05-08,161.78,162.02,157.72,157.99,154.83,36181679
2019-05-09,158.33,160.69,157.14,158.71,155.54,34700599
2019-05-10,158.72,160.38,154.77,155.87,152.75,15680906
2019-05-13,156.36,157.31,152.97,153.49,150.42,21591977
2019-05-14,154.05,155.50,153.57,154.53,151.44,34519350
2019-05-15,153.68,154.25,152.46,153.00,149.94,26455345
2019-05-16,152.30,154.55,151.99,153.78,150.70,19358134
2019-05-17,152.91,154.06,151.82,153.24,150.18,32902136
2019-05-20,153.02,158.85,151.13,157.31,154.16,6310767
2019-05-21,158.02,160.59,157.26,159.06,155.88,5395679
2019-05-22,158.84,162.77,157.17,160.99,157.77,41119370
2019-05-23,161.49,162.58,159.11,160.32,157.11,19800101
2019-05-24,160.29,161.07,157.11,158.45,155.28,32133232
2019-05-27,158.90,160.58,156.80,158.64,155.47,46758957
2019-05-28,158.82,160.15,153.45,153.62,150.55,33763716
2019-05-29,152.89,153.81,152.50,152.60,149.55,30441229
2019-05-30,152.28,154.04,150.91,151.47,148.44,33290736
2019-05-31,150.97,153.89,150.93,153.73,150.66,41199799
2019-06-03,153.18,159.30,151.27,159.16,155.98,7701677
2019-06-04,159.67,163.00,159.27,161.10,157.88,6367679
2019-06-05,161.05,161.28,157.96,159.86,156.66,36207902
2019-06-06,160.26,161.79,158.35,158.69,155.52,45751689
2019-06-07,159.25,162.76,158.63,162.43,159.18,43834875
2019-06-10,161.48,162.22,160.13,161.60,158.37,30186423
2019-06-11,160.75,162.13,157.34,158.59,155.42,11838480
2019-06-12,158.98,161.52,157.61,160.92,157.70,13123867
2019-06-13,160.00,162.93,158.68,161.86,158.62,9627608
2019-06-14,161.87,162.55,157.20,158.90,155.72,37896879
2019-06-17,159.17,165.39,157.76,163.73,160.46,34225047
2019-06-18,163.08,168.67,161.78,167.63,164.28,46333178
2019-06-19,167.60,169.67,166.14,168.80,165.42,23011719
2019-06-20,168.44,168.93,164.04,165.91,162.59,23718557
2019-06-21,165.84,168.55,165.08,167.33,163.98,6926024
2019-06-24,167.32,167.97,165.13,166.11,162.79,28811900
2019-06-25,166.87,168.27,166.28,166.83,163.49,5681229
2019-06-26,166.86,167.24,164.22,164.70,161.41,32274929
2019-06-27,165.08,166.37,159.62,160.60,157.39,6157175
2019-06-28,159.79,161.38,158.41,160.94,157.72,25549138
2019-07-01,161.05,161.74,157.81,159.80,156.60,41935945
2019-07-02,159.46,160.87,157.34,157.88,154.72,21871415
2019-07-03,157.51,159.88,155.61,158.39,155.22,17425195
2019-07-04,157.77,163.69,157.22,162.21,158.97,44566507
2019-07-05,161.78,165.39,161.39,165.19,161.89,20266136
2019-07-08,164.91,165.51,163.38,164.80,161.50,13494838
2019-07-09,164.91,166.30,163.58,163.83,160.55,37942311
2019-07-10,163.04,170.47,162.47,170.45,167.04,37125966
2019-07-11,169.55,171.43,168.02,168.98,165.60,9385123
2019-07-12,168.78,169.77,167.52,169.62,166.23,8597644
2019-07-15,170.52,172.53,170.02,172.36,168.91,42451647
2019-07-16,172.89,177.47,171.31,176.26,172.73,20145607
2019-07-17,177.08,177.67,175.55,176.73,173.20,33778283
2019-07-18,176.34,177.58,173.00,174.22,170.74,11659452
2019-07-19,173.64,177.28,173.33,175.96,172.44,16664429
2019-07-22,176.06,176.37,174.61,175.43,171.92,44849994
2019-07-23,175.01,175.58,173.10,174.82,171.32,9776792
2019-07-24,175.19,177.04,173.42,175.00,171.50,46946932
2019-07-25,174.40,174.63,170.60,171.05,167.63,14998509
2019-07-26,171.87,173.52,168.48,168.62,165.25,16134889
2019-07-29,169.27,171.41,168.39,169.57,166.18,36453788
2019-07-30,169.95,171.35,164.43,166.32,162.99,38586119
2019-07-31,166.52,168.30,162.31,163.78,160.50,45514536
2019-08-01,163.28,163.46,161.25,163.17,159.91,43600958
2019-08-02,163.70,165.34,161.64,162.79,159.53,16756850
2019-08-05,162.73,164.03,160.75,162.58,159.33,17179530
2019-08-06,163.21,167.18,162.27,165.24,161.94,32403776
2019-08-07,164.91,166.58,163.19,165.24,161.94,27132749
2019-08-08,165.57,166.37,161.31,162.83,159.57,7462702
2019-08-09,162.74,165.01,162.09,164.38,161.09,32123728
2019-08-12,163.38,169.21,162.46,167.47,164.12,8637574
2019-08-13,166.85,167.57,162.49,164.00,160.72,46970470
2019-08-14,163.53,163.79,162.72,163.30,160.03,37528458
2019-08-15,162.54,165.58,161.32,163.63,160.36,21058980
2019-08-16,162.66,163.97,162.21,163.15,159.89,12614246
2019-08-19,163.07,163.30,159.49,161.15,157.93,38445413
2019-08-20,161.56,163.86,160.60,163.03,159.77,36690133
2019-08-21,162.52,163.62,161.47,162.24,159.00,45223549
2019-08-22,162.97,163.52,155.71,157.29,154.14,32846314
2019-08-23,156.97,158.67,156.44,157.09,153.95,5172151
2019-08-26,157.26,159.26,155.75,156.73,153.60,14972069
2019-08-27,156.62,159.68,155.96,158.71,155.54,41468974
2019-08-28,159.45,161.41,154.31,154.79,151.69,30700738
2019-08-29,154.26,160.15,154.17,158.60,155.43,36740898
2019-08-30,158.37,159.70,155.80,157.44,154.29,15207615
2019-09-02,157.43,157.50,152.34,153.34,150.27,44606338
2019-09-03,154.03,154.23,151.04,152.86,149.80,6029959
2019-09-04,153.30,154.64,151.99,153.82,150.74,15359006
2019-09-05,153.35,158.70,152.56,157.45,154.30,10389869
2019-09-06,158.15,161.06,156.43,159.36,156.17,30501998
2019-09-09,160.13,163.61,159.05,162.63,159.38,46437003
2019-09-10,161.77,163.03,159.87,161.71,158.48,20266345
2019-09-11,160.91,162.98,159.16,161.71,158.48,34774763
2019-09-12,161.04,161.64,159.11,159.17,155.99,26768415
2019-09-13,158.92,160.08,157.86,159.79,156.59,42978789
2019-09-16,160.15,160.51,157.57,157.92,154.76,45902301
2019-09-17,157.40,162.06,157.11,160.23,157.03,35947246
2019-09-18,160.51,161.43,156.52,157.85,154.69,36222617
2019-09-19,157.17,161.68,156.48,160.80,157.58,44431269
2019-09-20,160.40,162.32,157.36,158.74,155.57,35657732
2019-09-23,158.51,160.65,158.04,159.68,156.49,43381082
2019-09-24,159.40,159.99,157.01,158.41,155.24,6472341
2019-09-25,157.96,163.04,156.59,161.91,158.67,8291303
2019-09-26,162.73,164.22,159.80,161.47,158.24,24206164
2019-09-27,162.07,162.51,161.42,161.80,158.56,21819279
2019-09-30,162.16,163.60,158.80,160.12,156.92,14179099
2019-10-01,160.41,161.03,155.69,156.57,153.44,43894539
2019-10-02,156.30,156.56,151.13,152.95,149.89,26925749
2019-10-03,152.21,154.05,150.27,152.97,149.91,40624899
2019-10-04,152.97,153.52,151.26,151.59,148.56,37336260
2019-10-07,152.33,155.11,151.39,153.50,150.43,10053254
2019-10-08,152.78,155.08,151.06,153.15,150.09,31669833
2019-10-09,152.88,158.84,152.85,157.26,154.11,41008758
2019-10-10,156.51,157.25,154.94,156.44,153.31,22593354
2019-10-11,157.32,157.54,152.26,152.73,149.68,6679375
2019-10-14,152.97,154.86,149.96,150.62,147.61,45941923
2019-10-15,151.27,153.09,150.21,150.81,147.79,32400271
2019-10-16,150.04,151.75,149.97,151.66,148.63,38059478
2019-10-17,151.74,153.73,151.00,152.95,149.89,41251704
2019-10-18,152.79,155.59,152.48,154.11,151.03,32842429
2019-10-21,154.34,156.22,151.13,151.69,148.66,29865844
2019-10-22,151.12,152.01,147.70,148.17,145.21,29339448
2019-10-23,148.26,152.92,147.54,150.96,147.94,31718699
2019-10-24,150.51,154.96,148.61,153.02,149.96,35515566
2019-10-25,153.30,156.34,153.20,154.40,151.31,27381420
2019-10-28,153.89,155.57,152.76,155.32,152.21,9604349
2019-10-29,155.49,158.42,155.02,156.79,153.65,14902193
2019-10-30,157.37,158.56,153.67,154.22,151.14,14709845
2019-10-31,154.82,157.36,153.09,157.14,154.00,13845165
2019-11-01,156.17,158.54,155.69,156.96,153.82,26727935
2019-11-04,156.21,159.69,155.98,158.85,155.67,9265307
2019-11-05,158.80,160.64,157.77,159.08,155.90,12318490
2019-11-06,159.31,160.76,155.70,157.52,154.37,49218236
2019-11-07,157.56,158.98,155.63,158.06,154.90,9081923
2019-11-08,157.91,162.92,156.49,162.70,159.45,34766964
2019-11-11,161.85,162.87,160.63,162.71,159.46,9407860
2019-11-12,162.88,166.58,162.12,165.16,161.86,45090288
2019-11-13,165.22,168.59,164.01,167.68,164.33,11655753
2019-11-14,167.99,169.82,166.89,168.06,164.70,19429953
2019-11-15,167.92,169.70,166.08,166.91,163.57,35433796
2019-11-18,166.54,167.17,163.19,163.70,160.43,15243424
2019-11-19,164.07,167.06,163.89,166.11,162.79,10728705
2019-11-20,166.59,168.72,165.48,167.10,163.76,44357005
2019-11-21,168.01,169.13,166.43,167.77,164.41,32568900
2019-11-22,168.27,170.01,164.12,165.56,162.25,24302482
2019-11-25,165.76,169.23,164.60,168.53,165.16,19276659
2019-11-26,169.22,170.91,168.11,170.21,166.81,12709822
2019-11-27,170.74,173.83,169.13,172.68,169.23,42645770
2019-11-28,172.91,178.75,172.86,177.46,173.91,49146306
2019-11-29,178.12,178.65,176.37,176.73,173.20,25735611
2019-12-02,176.09,179.24,174.78,178.95,175.37,9669798
2019-12-03,178.23,179.50,177.76,177.82,174.26,40600090
2019-12-04,177.50,179.22,176.06,178.48,174.91,43090558
2019-12-05,178.67,183.03,178.36,181.26,177.63,46462418
2019-12-06,181.15,183.23,179.94,182.38,178.73,32795400
2019-12-09,181.93,184.29,181.70,182.78,179.12,33851015
2019-12-10,182.97,187.05,182.35,186.00,182.28,19798741
2019-12-11,185.79,189.95,185.77,188.75,184.97,25227910
2019-12-12,189.28,193.94,189.04,193.36,189.49,38378964
2019-12-13,193.85,194.20,190.99,191.75,187.91,20442468
2019-12-16,192.36,192.50,184.64,186.36,182.63,7838856
2019-12-17,186.23,187.33,186.07,186.41,182.68,26009143
2019-12-18,186.83,187.67,182.99,183.22,179.56,6399659
2019-12-19,184.15,184.49,179.73,181.63,178.00,35876580
2019-12-20,180.81,186.39,180.32,184.70,181.01,44518483
2019-12-23,184.50,184.66,177.60,179.34,175.75,27784350
2019-12-24,178.49,181.49,177.43,180.22,176.62,18012657
2019-12-25,181.03,185.60,179.58,184.90,181.20,48314944
2019-12-26,184.19,186.15,182.99,185.76,182.04,48990465
2019-12-27,184.91,186.81,182.68,183.94,180.26,36135363
2019-12-30,183.84,185.98,182.71,184.13,180.45,47634148
2019-12-31,185.10,185.75,177.58,179.52,175.93,26215722
2020-01-01,179.40,180.77,178.85,180.16,176.56,8769647
2020-01-02,179.86,181.19,178.94,181.04,177.42,7523779
2020-01-03,180.19,187.63,178.48,185.90,182.18,46272514
2020-01-06,186.09,188.57,184.93,187.80,184.04,7752987
2020-01-07,188.10,188.74,182.03,182.98,179.32,15124115
2020-01-08,183.90,185.49,182.28,184.59,180.90,28047718
2020-01-09,184.88,185.88,183.46,185.80,182.08,34489097
2020-01-10,185.85,187.07,185.00,185.73,182.02,23984666
2020-01-13,186.09,186.19,180.87,182.13,178.49,27457937
2020-01-14,181.26,185.44,179.90,185.25,181.54,24068780
2020-01-15,186.18,187.39,184.94,185.24,181.54,10469505
2020-01-16,185.41,191.00,184.71,190.72,186.91,49027086
2020-01-17,190.91,192.79,189.25,189.87,186.07,30278520
2020-01-20,190.16,190.82,186.97,187.23,183.49,40325659
2020-01-21,187.25,190.81,186.63,190.77,186.95,19374226
2020-01-22,190.45,194.72,190.07,193.19,189.33,14231854
2020-01-23,193.77,195.63,192.69,194.61,190.72,40334939
2020-01-24,193.69,197.36,192.16,196.69,192.76,13794552
2020-01-27,196.05,197.44,194.10,195.35,191.44,16109145
2020-01-28,195.79,195.88,193.71,194.44,190.55,20940381
2020-01-29,194.94,200.00,194.47,198.43,194.46,21050326
2020-01-30,198.05,199.67,196.77,197.71,193.76,18020205
2020-01-31,198.68,199.60,192.36,192.92,189.06,30627025
2020-02-03,192.93,199.00,192.61,198.16,194.20,18401487
2020-02-04,197.66,200.01,195.91,198.73,194.76,42214599
2020-02-05,199.60,201.02,196.22,197.25,193.31,13366983
2020-02-06,196.80,198.61,195.92,196.21,192.29,34358286
2020-02-07,195.39,202.96,193.76,201.14,197.12,28460257
2020-02-10,200.93,204.78,200.16,204.03,199.95,10476448
2020-02-11,203.78,203.84,200.89,202.75,198.69,48618123
2020-02-12,201.83,203.77,200.89,201.94,197.90,14314219
2020-02-13,202.46,204.40,201.23,203.46,199.39,10316751
2020-02-14,202.76,207.51,201.54,205.63,201.52,33404146
2020-02-17,204.85,206.53,204.25,205.95,201.83,8204411
2020-02-18,206.20,206.46,204.53,206.33,202.20,38542971
2020-02-19,206.52,210.83,205.49,210.80,206.58,21236193
2020-02-20,209.80,211.06,208.66,210.35,206.14,17570423
2020-02-21,210.68,210.85,205.90,207.85,203.69,9541882
2020-02-24,208.42,212.67,208.38,211.65,207.42,36550231
2020-02-25,210.74,211.51,209.82,210.57,206.36,6089997
2020-02-26,210.05,211.36,209.69,209.90,205.70,44050870
2020-02-27,210.37,211.55,210.28,210.88,206.66,41642362
2020-02-28,211.54,212.91,206.59,208.55,204.38,37113683
2020-03-02,208.81,214.04,208.68,212.42,208.17,35714356
2020-03-03,213.00,216.33,212.37,214.56,210.27,25808840
2020-03-04,214.59,217.10,213.50,215.12,210.82,21999599
2020-03-05,214.69,221.44,214.59,219.72,215.33,49005387
2020-03-06,219.38,221.12,218.64,220.87,216.45,31845006
2020-03-09,220.64,222.59,219.65,220.64,216.23,38388229
2020-03-10,220.37,221.96,213.16,213.69,209.42,10543964
2020-03-11,213.89,215.53,212.48,213.57,209.30,26556134
2020-03-12,212.78,213.44,211.76,212.35,208.10,34924900
2020-03-13,212.73,213.43,209.65,209.73,205.54,28659854
2020-03-16,209.96,210.83,206.52,207.80,203.64,8849234
2020-03-17,207.53,213.42,206.17,211.82,207.58,7089811
2020-03-18,211.11,215.16,209.55,213.94,209.66,7335319
2020-03-19,214.23,216.38,212.33,215.66,211.35,7173342
2020-03-20,215.87,218.78,213.97,217.42,213.07,29965395
2020-03-23,216.70,217.43,215.63,216.26,211.93,23702553
2020-03-24,215.76,217.00,214.29,216.77,212.43,38490273
2020-03-25,216.01,217.56,208.27,209.68,205.49,19399577
2020-03-26,210.67,211.24,207.14,208.97,204.79,37963887
2020-03-27,208.12,209.90,206.69,209.55,205.36,10891536
2020-03-30,210.17,213.17,208.20,211.23,207.01,49817969
2020-03-31,211.31,213.09,208.93,210.63,206.42,47795324
2020-04-01,209.98,212.36,209.53,211.64,207.41,18487564
2020-04-02,211.63,213.03,210.49,212.31,208.06,36367074
2020-04-03,212.92,214.02,208.89,210.11,205.91,10785823
2020-04-06,210.54,214.04,209.72,213.08,208.82,32476618
2020-04-07,213.73,214.59,211.79,214.44,210.15,48106613
2020-04-08,214.47,217.98,212.81,217.72,213.37,41997347
2020-04-09,218.00,219.79,216.07,219.43,215.04,34032521
2020-04-10,220.09,221.13,212.26,212.87,208.61,15869418
2020-04-13,212.52,214.24,211.83,212.82,208.56,39822641
2020-04-14,212.32,219.03,211.22,217.76,213.40,13400036
2020-04-15,218.01,219.24,213.76,213.95,209.67,48015938
2020-04-16,213.26,219.08,211.82,217.76,213.40,45610184
2020-04-17,217.44,226.47,217.36,224.62,220.13,6904112
2020-04-20,225.16,232.38,224.74,231.85,227.21,43395477
2020-04-21,231.68,237.34,230.68,236.06,231.34,47088264
2020-04-22,235.66,236.15,229.65,231.26,226.63,32252408
2020-04-23,230.85,231.00,229.81,229.93,225.33,34501425
2020-04-24,229.61,229.90,224.95,226.67,222.14,26428960
2020-04-27,227.14,230.38,225.19,228.66,224.09,13775567
2020-04-28,227.87,229.48,227.62,229.00,224.42,35171877
2020-04-29,228.50,228.69,224.37,224.95,220.45,30779858
2020-04-30,225.88,229.13,224.25,227.33,222.78,43767920
2020-05-01,227.77,228.15,224.40,224.72,220.23,39542599
2020-05-04,224.71,224.89,217.22,218.01,213.65,35684228
2020-05-05,218.94,219.90,218.23,219.47,215.08,8391709
2020-05-06,220.16,221.51,218.10,218.67,214.30,5548776
2020-05-07,219.36,223.94,217.60,223.08,218.62,29546921
2020-05-08,222.88,224.56,222.49,223.42,218.95,42126162
2020-05-11,223.00,223.77,219.40,220.30,215.89,41900284
2020-05-12,220.66,220.90,216.57,218.52,214.15,31434430
2020-05-13,218.27,230.24,217.15,228.27,223.70,29535428
2020-05-14,228.29,229.41,228.20,228.41,223.84,14196355
2020-05-15,228.84,230.45,225.16,226.20,221.68,14995238
2020-05-18,225.86,227.09,222.73,223.06,218.60,46372647
2020-05-19,223.54,224.14,219.96,220.63,216.22,39206334
2020-05-20,220.23,221.86,214.87,215.61,211.30,12355439
2020-05-21,216.57,217.74,213.06,214.65,210.36,47228956
2020-05-22,215.58,219.89,214.03,218.32,213.95,43764388
2020-05-25,217.78,219.10,216.82,219.00,214.62,40180636
2020-05-26,219.68,219.98,214.56,215.92,211.60,7118661
2020-05-27,216.07,217.47,212.34,212.72,208.47,34597597
2020-05-28,213.10,213.92,210.52,212.07,207.83,36648906
2020-05-29,212.82,215.28,212.70,213.81,209.53,14266558
2020-06-01,214.81,215.77,209.04,209.79,205.59,16622075
2020-06-02,209.71,210.78,208.29,209.38,205.19,48171742
2020-06-03,209.35,212.17,208.79,210.26,206.05,25031939
2020-06-04,209.71,211.66,207.39,207.99,203.83,24394739
2020-06-05,207.97,208.93,205.60,206.72,202.59,23351424
2020-06-08,206.30,207.45,201.13,202.22,198.18,31476624
2020-06-09,202.83,206.00,202.25,205.42,201.31,10303575
2020-06-10,205.11,205.99,198.01,198.52,194.55,37150465
2020-06-11,198.06,200.95,197.52,199.83,195.83,12330071
2020-06-12,200.06,206.54,199.58,205.37,201.26,49951796
2020-06-15,204.84,207.46,204.18,207.26,203.11,36702489
2020-06-16,206.46,208.00,206.06,206.07,201.95,41933535
2020-06-17,206.38,209.69,205.43,207.93,203.77,48656912
2020-06-18,207.33,209.67,206.69,207.74,203.59,48345475
2020-06-19,208.04,213.23,206.56,212.77,208.51,7503042
2020-06-22,213.60,215.17,211.84,214.82,210.52,16796980
2020-06-23,215.49,217.27,215.12,215.69,211.38,24425799
2020-06-24,216.44,216.46,214.26,215.40,211.09,12200827
2020-06-25,215.31,219.37,214.26,218.09,213.73,14006005
2020-06-26,218.79,219.73,216.48,216.87,212.53,12559596
2020-06-29,217.17,218.61,214.35,214.38,210.09,27623215
2020-06-30,214.96,220.14,213.45,219.00,214.62,16777264
2020-07-01,218.81,219.67,214.81,215.47,211.16,31899463
2020-07-02,215.81,216.18,212.29,212.57,208.32,26716540
2020-07-03,212.34,213.87,211.81,212.98,208.72,27120779
2020-07-06,212.58,214.35,212.56,212.90,208.64,48867948
2020-07-07,213.24,214.17,211.15,211.47,207.24,38723577
2020-07-08,212.32,215.11,210.78,213.33,209.06,12879637
2020-07-09,213.07,213.51,206.59,208.50,204.33,37090244
2020-07-10,207.81,209.31,201.66,202.87,198.81,32906926
2020-07-13,203.38,204.98,199.28,200.93,196.91,21607123
2020-07-14,201.29,202.48,193.06,194.63,190.74,40266154
2020-07-15,193.79,194.92,190.27,190.39,186.58,41752118
2020-07-16,191.20,192.31,190.13,191.91,188.07,16041901
2020-07-17,191.14,191.55,189.15,190.32,186.51,11102990
2020-07-20,191.12,194.32,191.01,193.43,189.56,13854634
2020-07-21,192.55,193.47,188.68,190.29,186.48,6460990
2020-07-22,190.08,191.71,188.59,190.08,186.28,43809812
2020-07-23,190.48,193.90,190.36,192.82,188.96,9631796
2020-07-24,193.79,195.16,193.22,194.22,190.34,17078342
2020-07-27,195.18,196.47,194.03,194.87,190.97,30667772
2020-07-28,194.77,196.60,189.23,189.98,186.18,10385485
2020-07-29,190.06,191.37,187.62,188.32,184.55,16977162
2020-07-30,189.31,190.10,184.33,184.58,180.89,19944487
2020-07-31,185.54,187.93,184.10,187.00,183.26,33462750
2020-08-03,187.06,188.71,182.50,183.00,179.34,28230386
2020-08-04,183.75,185.58,183.69,184.05,180.37,49305116
2020-08-05,183.89,187.11,182.12,185.58,181.87,6049971
2020-08-06,185.77,186.66,184.36,185.70,181.99,8266612
2020-08-07,185.19,186.88,184.31,186.79,183.05,41222667
2020-08-10,185.90,189.00,185.32,187.99,184.23,43662110
2020-08-11,187.63,194.76,186.28,193.56,189.69,26519471
2020-08-12,194.53,195.57,193.28,194.11,190.23,23465267
2020-08-13,193.23,202.00,191.47,200.10,196.10,16752989
2020-08-14,200.09,202.03,196.05,197.93,193.97,30578854
2020-08-17,198.50,199.14,194.93,195.76,191.84,15013824
2020-08-18,195.84,196.32,194.79,195.24,191.34,14687281
2020-08-19,195.85,198.90,194.73,197.07,193.13,32951369
2020-08-20,196.56,196.97,194.35,195.64,191.73,35184682
2020-08-21,196.33,196.51,193.69,195.14,191.24,17783005
2020-08-24,195.35,197.98,195.20,197.90,193.94,44432073
2020-08-25,198.35,200.00,197.39,198.88,194.90,27344856
2020-08-26,198.30,198.68,195.32,196.80,192.86,37139835
2020-08-27,197.63,204.35,196.22,202.96,198.90,31617526
2020-08-28,203.51,207.10,202.44,206.34,202.21,29109500
2020-08-31,205.96,206.68,202.64,204.41,200.32,36273003
2020-09-01,204.35,213.19,202.52,211.51,207.28,29877586
2020-09-02,211.14,216.86,209.41,216.77,212.43,14792707
2020-09-03,216.94,222.38,216.35,220.94,216.52,18166207
2020-09-04,220.60,222.19,218.93,221.43,217.00,38507555
2020-09-07,221.11,222.64,212.95,213.93,209.65,48063385
2020-09-08,214.41,215.33,210.12,211.59,207.36,28634142
2020-09-09,211.57,215.94,210.49,214.11,209.83,48071103
2020-09-10,215.02,219.71,213.34,218.66,214.29,9988229
2020-09-11,219.19,224.13,217.50,223.31,218.84,20531232
2020-09-14,222.45,222.75,221.26,221.70,217.27,35602290
2020-09-15,222.03,223.26,217.57,218.54,214.17,37739353
2020-09-16,217.57,222.92,216.75,221.86,217.42,6122472
2020-09-17,222.81,222.84,217.67,219.30,214.91,33895278
2020-09-18,219.91,221.73,218.67,218.88,214.50,11463515
2020-09-21,219.12,219.62,215.83,216.54,212.21,31635268
2020-09-22,215.70,218.16,214.78,216.24,211.92,21321405
2020-09-23,216.61,220.32,215.30,218.62,214.25,48613678
2020-09-24,219.14,219.33,217.78,218.54,214.17,42091165
2020-09-25,218.95,219.12,212.30,213.99,209.71,48278992
2020-09-28,214.56,215.87,212.84,214.74,210.45,11399624
2020-09-29,214.20,222.31,212.82,220.51,216.10,43036240
2020-09-30,220.46,220.55,215.87,216.02,211.70,23815514
2020-10-01,215.09,221.31,214.46,219.45,215.06,18902145
2020-10-02,219.62,221.12,215.58,217.01,212.67,31729193
2020-10-05,217.14,220.68,215.44,219.55,215.16,41276530
2020-10-06,219.21,220.72,218.14,218.42,214.05,10263193
2020-10-07,217.53,218.40,207.94,209.62,205.43,27856792
2020-10-08,209.83,211.06,208.45,209.64,205.45,26902766
2020-10-09,210.63,213.15,209.92,212.17,207.93,30194479
2020-10-12,212.03,214.06,210.71,212.70,208.45,10750834
2020-10-13,212.19,213.28,211.65,213.13,208.87,30501367
2020-10-14,213.55,214.82,209.06,210.54,206.33,26251916
2020-10-15,211.43,212.32,208.20,209.72,205.53,11860634
2020-10-16,208.99,211.21,208.09,210.84,206.62,42227971
2020-10-19,210.02,211.13,208.24,209.43,205.24,26772150
2020-10-20,210.16,210.18,208.55,209.38,205.19,10684088
2020-10-21,210.37,210.86,207.77,208.81,204.63,30550493
2020-10-22,208.15,208.69,204.37,204.91,200.81,14793520
2020-10-23,204.75,208.97,204.60,208.00,203.84,21891283
2020-10-26,208.89,210.79,207.90,209.35,205.16,46383942
2020-10-27,208.96,211.81,208.30,209.91,205.71,46620393
2020-10-28,209.67,213.10,208.79,211.38,207.15,33898165
2020-10-29,212.33,214.23,211.69,213.96,209.68,18478915
2020-10-30,213.92,214.28,207.40,208.20,204.04,26416966
2020-11-02,208.18,209.33,206.54,207.02,202.88,30236644
2020-11-03,206.58,213.28,205.85,211.71,207.48,42839367
2020-11-04,211.07,216.70,211.02,215.16,210.86,35978942
2020-11-05,216.05,226.19,214.45,225.77,221.25,9641159
2020-11-06,225.59,229.37,224.32,228.37,223.80,21241765
2020-11-09,227.88,228.19,222.05,222.90,218.44,30299425
2020-11-10,222.86,232.91,221.85,232.11,227.47,33071684
2020-11-11,232.20,238.53,231.48,236.95,232.21,41031150
2020-11-12,236.17,236.67,229.14,230.47,225.86,16162787
2020-11-13,230.76,230.85,224.31,226.28,221.75,48402228
2020-11-16,227.21,228.07,221.75,221.77,217.33,22363638
2020-11-17,221.21,226.61,220.09,225.12,220.62,43603394
2020-11-18,225.05,227.14,223.67,225.78,221.26,15116321
2020-11-19,225.47,229.12,225.26,229.07,224.49,32915638
2020-11-20,229.73,231.88,229.03,230.42,225.81,28022815
2020-11-23,230.33,230.74,228.82,229.79,225.19,36954726
2020-11-24,229.69,234.50,229.60,234.37,229.68,12723241
2020-11-25,233.42,238.37,233.20,237.68,232.93,16029616
2020-11-26,237.71,244.15,237.05,243.05,238.19,33613164
2020-11-27,243.97,244.43,239.76,240.57,235.76,17378349
2020-11-30,240.36,244.17,238.59,242.70,237.85,35170468
2020-12-01,242.88,248.46,241.47,247.68,242.73,18809962
2020-12-02,248.27,249.42,245.13,246.73,241.80,41030011
2020-12-03,246.10,253.14,245.18,252.49,247.44,22606238
2020-12-04,253.42,254.05,249.69,250.47,245.46,31343182
2020-12-07,250.64,251.34,245.03,246.72,241.79,46430508
2020-12-08,247.32,251.22,246.14,249.38,244.39,13989082
2020-12-09,249.01,254.88,248.78,254.40,249.31,30052146
2020-12-10,254.24,254.52,252.12,252.89,247.83,17465719
2020-12-11,252.86,253.93,246.87,248.71,243.74,16625590
2020-12-14,247.99,248.62,243.81,244.71,239.82,8597790
2020-12-15,245.44,247.34,242.37,243.34,238.47,18094851
2020-12-16,243.35,248.15,241.98,247.16,242.22,32892486
2020-12-17,247.58,248.47,238.14,238.47,233.70,42943204
2020-12-18,238.05,245.03,236.97,244.48,239.59,16288313
2020-12-21,245.04,246.88,243.49,245.75,240.84,38239915
2020-12-22,244.98,246.53,242.45,244.10,239.22,29619676
2020-12-23,244.18,245.69,242.10,243.62,238.75,34619609
2020-12-24,242.82,244.48,231.60,233.10,228.44,24978908
2020-12-25,233.85,233.91,229.60,230.13,225.53,10837330
2020-12-28,230.68,231.15,218.34,219.96,215.56,44454904
2020-12-29,220.34,225.69,219.12,223.97,219.49,33733805
2020-12-30,223.38,225.37,223.26,224.96,220.46,28542828
2020-12-31,225.02,227.81,224.68,226.62,222.09,24638382
2021-01-01,227.34,229.31,224.67,226.03,221.51,11390452
2021-01-04,225.30,230.19,224.48,228.69,224.12,8978608
2021-01-05,227.94,237.37,227.44,235.64,230.93,26615544
2021-01-06,236.30,237.82,234.03,235.38,230.67,37847019
2021-01-07,235.64,239.33,235.49,238.58,233.81,11247485
2021-01-08,238.39,244.10,237.00,242.60,237.75,29767947
2021-01-11,242.76,244.50,236.94,238.63,233.86,11250630
2021-01-12,239.09,240.78,237.76,239.86,235.06,29039920
2021-01-13,239.66,245.64,238.01,243.70,238.83,38199758
2021-01-14,243.24,244.90,237.83,238.51,233.74,43784470
2021-01-15,239.09,245.14,237.57,243.35,238.48,8083177
2021-01-18,242.55,250.22,241.63,248.65,243.68,13337415
2021-01-19,248.56,252.68,247.70,250.70,245.69,13852537
2021-01-20,251.46,252.06,248.08,249.83,244.83,23389134
2021-01-21,248.99,254.19,247.69,252.86,247.80,8475385
2021-01-22,252.65,255.53,251.25,254.92,249.82,20713127
2021-01-25,254.11,254.54,253.33,253.49,248.42,44841156
2021-01-26,252.94,255.64,252.92,254.28,249.19,28056870
2021-01-27,254.12,259.27,253.98,259.01,253.83,30707387
2021-01-28,258.19,259.80,248.32,248.53,243.56,29666647
2021-01-29,249.08,251.60,248.81,250.09,245.09,14586707
2021-02-01,249.23,250.36,247.56,248.78,243.80,16013675
2021-02-02,249.04,249.34,242.48,243.30,238.43,34687878
2021-02-03,244.02,245.69,243.82,245.52,240.61,13264941
2021-02-04,246.45,247.08,242.25,242.53,237.68,23586984
2021-02-05,242.82,243.32,239.49,240.69,235.88,45774882
2021-02-08,239.74,241.43,237.14,238.89,234.11,18787228
2021-02-09,238.93,248.31,237.43,247.29,242.34,24833491
2021-02-10,247.88,248.36,242.65,243.42,238.55,21178722
2021-02-11,243.42,244.61,237.35,238.41,233.64,5809803
2021-02-12,237.67,248.51,236.53,246.79,241.85,29522415
2021-02-15,246.88,247.23,245.21,246.15,241.23,9898399
2021-02-16,245.67,247.68,245.55,247.60,242.65,31707651
2021-02-17,247.61,249.08,246.61,247.82,242.86,32879169
2021-02-18,248.10,249.18,244.24,244.55,239.66,10610104
2021-02-19,244.17,247.36,243.76,246.34,241.41,15427182
2021-02-22,246.61,248.28,241.47,242.83,237.97,9436908
2021-02-23,242.45,243.32,240.17,242.08,237.24,21014684
2021-02-24,241.95,244.50,240.73,243.59,238.72,25756104
2021-02-25,243.92,245.54,243.57,244.22,239.34,5849931
2021-02-26,243.55,245.46,241.75,242.80,237.94,22397769
2021-03-01,242.13,242.38,235.85,237.41,232.66,23036479
2021-03-02,238.21,238.88,236.43,237.29,232.54,40155261
2021-03-03,236.42,237.84,234.44,235.59,230.88,10172082
2021-03-04,234.70,236.42,231.11,231.44,226.81,15556894
2021-03-05,230.95,231.82,229.80,231.61,226.98,12739907
2021-03-08,230.70,233.97,230.21,232.24,227.60,36659585
2021-03-09,231.97,238.27,231.61,236.43,231.70,7373209
2021-03-10,236.91,237.75,228.44,229.08,224.50,32934507
2021-03-11,229.91,230.55,225.02,226.67,222.14,43355129
2021-03-12,227.47,227.83,222.33,223.94,219.46,8082215
2021-03-15,224.85,226.99,223.92,226.85,222.31,23945293
2021-03-16,226.02,228.26,225.28,227.35,222.80,24568615
2021-03-17,227.48,228.09,223.26,224.51,220.02,36133593
2021-03-18,225.51,227.06,217.03,218.49,214.12,41678969
2021-03-19,219.01,225.49,219.00,225.00,220.50,32517057
2021-03-22,225.27,230.63,225.25,229.24,224.66,27482635
2021-03-23,228.24,231.26,226.54,229.95,225.35,25636689
2021-03-24,229.43,234.36,229.31,233.38,228.71,14554522
2021-03-25,233.80,236.25,231.96,236.06,231.34,39880450
2021-03-26,235.98,237.48,228.54,229.70,225.11,38918683
2021-03-29,228.97,235.21,228.82,233.57,228.90,43105804
2021-03-30,232.83,238.99,231.13,238.41,233.64,31370607
2021-03-31,238.81,241.96,238.17,240.49,235.68,23250649
2021-04-01,239.76,242.99,239.54,241.45,236.62,12090571
2021-04-02,240.78,251.09,239.97,250.16,245.16,40965287
2021-04-05,250.06,250.99,244.49,246.19,241.27,11068043
2021-04-06,245.51,252.56,243.86,251.19,246.17,45486944
2021-04-07,250.85,258.38,250.35,258.20,253.04,28873492
2021-04-08,257.99,260.22,257.39,260.12,254.92,16668066
2021-04-09,260.02,265.59,259.52,264.09,258.81,36007197
2021-04-12,263.29,266.54,263.05,264.95,259.65,9138548
2021-04-13,264.21,272.15,263.47,270.50,265.09,47298552
2021-04-14,271.38,271.55,259.31,260.48,255.27,10032304
2021-04-15,261.28,262.86,261.02,261.97,256.73,27249936
2021-04-16,261.22,264.12,261.12,262.24,257.00,43512716
2021-04-19,262.23,263.00,255.70,256.55,251.42,28752729
2021-04-20,255.98,259.52,255.42,259.15,253.97,14974485
2021-04-21,258.64,265.09,257.82,264.50,259.21,41956090
2021-04-22,264.46,265.95,263.69,265.77,260.45,33134372
2021-04-23,265.82,269.70,264.22,268.44,263.07,6310634
2021-04-26,269.42,278.03,268.70,276.47,270.94,41541971
2021-04-27,276.60,277.94,276.06,277.30,271.75,6749056
2021-04-28,276.94,277.38,271.85,273.64,268.17,23853072
2021-04-29,273.70,287.08,271.70,285.55,279.84,15712239
2021-04-30,284.75,291.71,284.22,290.40,284.59,8751966
2021-05-03,290.55,293.39,289.77,291.42,285.59,16657617
2021-05-04,290.77,291.96,279.32,280.93,275.31,29077528
2021-05-05,281.33,283.78,280.20,281.88,276.24,42789597
2021-05-06,282.78,284.45,279.82,281.44,275.81,38032776
2021-05-07,280.52,280.63,277.79,278.99,273.41,6337344
2021-05-10,279.04,279.04,276.55,278.39,272.82,18520045
2021-05-11,277.74,281.40,276.00,279.80,274.20,8996733
2021-05-12,278.84,280.01,274.46,276.29,270.76,12443754
2021-05-13,277.21,281.81,275.33,281.06,275.44,31547968
2021-05-14,281.23,281.90,273.62,274.27,268.78,15569906
2021-05-17,274.55,275.52,273.23,273.86,268.38,42713658
2021-05-18,274.25,276.11,268.00,269.57,264.18,19981195
2021-05-19,269.33,270.80,265.30,265.89,260.57,16925801
2021-05-20,266.35,268.25,257.76,259.66,254.47,31279926
2021-05-21,259.79,264.05,259.15,263.69,258.42,46029094
2021-05-24,263.13,264.26,256.43,258.30,253.13,14438416
2021-05-25,257.99,258.63,256.35,257.62,252.47,10954301
2021-05-26,258.26,260.39,256.80,259.05,253.87,27531765
2021-05-27,258.55,258.69,255.74,256.25,251.12,12250079
2021-05-28,256.69,257.42,255.81,257.32,252.17,33162451
2021-05-31,257.31,266.03,256.22,265.27,259.96,11806755
2021-06-01,265.93,267.51,262.59,263.75,258.48,20138600
2021-06-02,264.44,265.23,263.80,264.64,259.35,12027979
2021-06-03,263.79,266.38,263.04,266.04,260.72,10033327
2021-06-04,265.23,266.42,256.73,257.96,252.80,37395917
2021-06-07,258.37,259.23,254.32,255.63,250.52,45756395
2021-06-08,254.83,257.84,254.45,257.43,252.28,42185855
2021-06-09,257.87,259.33,255.54,256.07,250.95,23892693
2021-06-10,255.86,256.96,254.66,255.64,250.53,8657758
2021-06-11,255.36,258.22,254.77,257.36,252.21,49427425
2021-06-14,256.55,256.96,253.04,254.32,249.23,10498638
2021-06-15,254.27,254.50,249.74,251.31,246.28,36604547
2021-06-16,250.49,251.58,245.48,245.85,240.93,30598353
2021-06-17,245.59,247.19,245.06,246.30,241.37,36209511
2021-06-18,246.43,246.73,244.39,245.78,240.86,11489603
2021-06-21,244.95,253.54,243.87,252.85,247.79,44575871
2021-06-22,252.62,254.17,250.69,253.12,248.06,36864925
2021-06-23,253.27,255.00,252.67,254.53,249.44,31494872
2021-06-24,254.53,261.36,252.93,259.56,254.37,46625824
2021-06-25,258.85,260.75,255.20,256.10,250.98,16218238
2021-06-28,255.35,263.90,253.37,263.05,257.79,34218746
2021-06-29,262.45,264.10,261.58,261.88,256.64,44932972
2021-06-30,262.71,262.84,260.75,261.53,256.30,31666042
2021-07-01,261.63,271.93,260.59,270.22,264.82,5829720
2021-07-02,270.27,272.43,269.44,271.59,266.16,14945516
2021-07-05,271.72,272.89,264.20,266.13,260.81,11724576
2021-07-06,265.33,271.35,264.26,270.78,265.36,28076669
2021-07-07,271.54,272.07,267.18,268.49,263.12,43387829
2021-07-08,268.04,268.33,266.49,267.71,262.36,31958966
2021-07-09,266.79,268.87,266.13,267.09,261.75,20943676
2021-07-12,266.63,272.24,265.95,271.50,266.07,25337673
2021-07-13,271.12,274.68,269.40,272.99,267.53,11591257
2021-07-14,272.59,277.46,271.04,275.97,270.45,26533108
2021-07-15,275.51,276.37,274.22,275.54,270.03,17612150
2021-07-16,275.35,276.32,266.06,267.09,261.75,30092689
2021-07-19,267.73,271.37,267.41,270.34,264.93,25879117
2021-07-20,270.90,271.95,268.25,269.39,264.00,16659316
2021-07-21,268.78,270.45,263.83,265.50,260.19,21743008
2021-07-22,265.22,267.23,264.48,266.83,261.49,36153173
2021-07-23,266.84,268.45,266.59,267.18,261.84,7051061
2021-07-26,267.07,269.42,266.12,267.50,262.15,41999379
2021-07-27,267.20,272.55,265.41,272.22,266.78,11066099
2021-07-28,271.55,272.69,269.49,271.42,265.99,19854619
2021-07-29,271.71,276.79,271.17,275.43,269.92,32481562
2021-07-30,276.36,277.72,266.33,267.28,261.93,13879448
2021-08-02,267.57,268.77,266.67,266.69,261.36,21937635
2021-08-03,267.12,268.54,258.78,259.33,254.14,30264839
2021-08-04,260.03,260.95,253.11,253.55,248.48,25276613
2021-08-05,253.34,253.54,249.47,250.49,245.48,49449921
2021-08-06,251.42,253.10,243.16,244.28,239.39,44847400
2021-08-09,243.50,243.63,239.98,241.96,237.12,47989585
2021-08-10,241.61,242.16,238.79,240.10,235.30,48719174
2021-08-11,240.63,242.43,237.94,239.55,234.76,45267553
2021-08-12,239.36,242.21,239.08,241.57,236.74,6708274
2021-08-13,241.09,241.93,233.85,234.63,229.94,7370218
2021-08-16,234.80,236.79,222.99,224.62,220.13,28029550
2021-08-17,224.69,226.26,222.53,224.34,219.85,29058335
2021-08-18,224.35,226.04,220.37,222.05,217.61,42463392
2021-08-19,221.31,223.27,219.69,222.75,218.29,17285509
2021-08-20,223.64,225.99,222.33,224.19,219.71,19915180
2021-08-23,223.80,225.38,220.19,220.85,216.43,22485834
2021-08-24,221.02,226.16,220.78,225.23,220.73,8602199
2021-08-25,226.12,228.42,224.34,228.28,223.71,38586468
2021-08-26,227.52,228.88,223.91,224.97,220.47,32723158
2021-08-27,224.24,231.68,223.42,231.28,226.65,43212027
2021-08-30,232.07,235.59,231.78,233.62,228.95,17103537
2021-08-31,233.88,234.77,232.61,234.42,229.73,5316317
2021-09-01,234.32,234.74,228.94,230.49,225.88,43673423
2021-09-02,231.02,231.20,229.69,230.92,226.30,47512629
2021-09-03,230.78,231.64,226.04,226.99,222.45,5313340
2021-09-06,226.74,229.30,226.10,229.27,224.68,40637074
2021-09-07,228.65,231.23,227.40,229.88,225.28,21698237
2021-09-08,229.50,231.21,228.49,231.00,226.38,25543036
2021-09-09,230.33,239.73,229.73,238.08,233.32,24517122
2021-09-10,238.13,239.00,232.62,233.99,229.31,13978456
2021-09-13,233.68,237.02,232.96,235.22,230.52,17645057
2021-09-14,235.84,239.25,235.39,239.21,234.43,13805070
2021-09-15,238.63,246.05,237.62,246.01,241.09,13265260
2021-09-16,245.08,246.83,242.00,242.51,237.66,40885353
2021-09-17,242.76,247.69,242.66,246.50,241.57,12255370
2021-09-20,246.88,247.71,245.39,246.15,241.23,41727499
2021-09-21,245.66,247.06,245.21,245.62,240.71,47299478
2021-09-22,244.82,250.58,243.57,249.54,244.55,14204888
2021-09-23,249.38,251.64,248.36,249.84,244.84,46453008
2021-09-24,249.05,251.68,248.65,251.28,246.25,22649222
2021-09-27,251.94,254.56,251.22,252.61,247.56,32498275
2021-09-28,252.60,253.02,250.51,252.38,247.33,27186433
2021-09-29,251.85,253.52,251.67,253.49,248.42,12410893
2021-09-30,252.79,256.63,251.77,256.45,251.32,11797488
2021-10-01,257.26,258.55,250.70,251.61,246.58,24865712
2021-10-04,252.24,253.99,249.88,251.58,246.55,29173596
2021-10-05,252.18,253.49,250.70,252.86,247.80,11375239
2021-10-06,251.88,257.95,250.59,257.67,252.52,27056054
2021-10-07,257.39,258.27,249.97,251.21,246.19,11237857
2021-10-08,250.44,251.24,247.97,248.88,243.90,30884928
2021-10-11,249.26,252.37,248.42,251.41,246.38,16192331
2021-10-12,250.53,257.78,250.21,255.90,250.78,32919147
2021-10-13,256.72,260.81,255.58,259.84,254.64,34404608
2021-10-14,259.56,261.57,258.19,261.51,256.28,13768130
2021-10-15,261.48,266.05,259.70,265.07,259.77,34574063
2021-10-18,264.70,269.53,263.34,268.12,262.76,43698259
2021-10-19,268.57,269.54,266.66,269.09,263.71,27702971
2021-10-20,269.33,270.20,261.60,263.05,257.79,37341753
2021-10-21,262.74,264.09,261.64,262.41,257.16,42469847
2021-10-22,261.43,268.58,260.42,266.71,261.38,36493447
2021-10-25,267.41,269.15,263.18,263.33,258.06,37993936
2021-10-26,262.89,263.90,260.79,261.89,256.65,30409938
2021-10-27,261.70,265.62,260.78,265.15,259.85,43455723
2021-10-28,265.04,265.28,256.81,257.80,252.64,48847120
2021-10-29,256.84,261.13,256.77,260.32,255.11,41849396
2021-11-01,260.53,263.34,259.92,262.10,256.86,39113968
2021-11-02,262.22,263.53,261.27,262.18,256.94,27874338
2021-11-03,261.63,262.54,260.28,261.40,256.17,46591253
2021-11-04,261.60,263.90,260.87,262.47,257.22,35368939
2021-11-05,261.91,268.24,260.25,267.56,262.21,24594685
2021-11-08,267.66,272.84,267.45,272.09,266.65,16016280
2021-11-09,272.58,273.40,264.09,264.60,259.31,18148067
2021-11-10,263.98,266.89,263.19,265.03,259.73,35671838
2021-11-11,264.71,267.79,264.62,266.28,260.95,47496048
2021-11-12,266.95,268.13,262.50,264.04,258.76,35232851
2021-11-15,264.05,265.98,259.01,259.02,253.84,8259585
2021-11-16,259.13,261.34,257.96,260.47,255.26,39113643
2021-11-17,260.85,262.56,259.22,262.21,256.97,11949388
2021-11-18,261.98,263.18,252.05,253.82,248.74,38830257
2021-11-19,254.04,258.20,253.54,256.81,251.67,31700603
2021-11-22,257.74,259.68,253.26,254.17,249.09,13950432
2021-11-23,254.94,258.61,253.25,257.59,252.44,41762636
2021-11-24,258.31,263.09,256.44,261.67,256.44,47451945
2021-11-25,262.10,263.67,260.26,262.30,257.05,13903448
2021-11-26,263.26,266.32,261.34,265.02,259.72,38815716
2021-11-29,265.44,266.96,258.52,259.64,254.45,44111466
2021-11-30,259.78,261.11,257.43,258.26,253.09,40829610
2021-12-01,258.88,259.93,256.61,256.66,251.53,14752710
2021-12-02,255.77,264.12,255.24,264.01,258.73,15800191
2021-12-03,263.30,270.18,261.73,270.06,264.66,18690268
2021-12-06,270.57,270.63,267.88,269.51,264.12,11877316
2021-12-07,269.63,270.08,263.78,265.07,259.77,31097742
2021-12-08,264.55,266.12,259.57,261.17,255.95,24303103
2021-12-09,260.93,261.76,259.24,260.82,255.60,25981853
2021-12-10,261.75,261.86,258.27,259.76,254.56,18628952
2021-12-13,260.50,262.16,253.08,254.90,249.80,48461873
2021-12-14,254.64,255.82,248.92,250.40,245.39,18184816
2021-12-15,249.99,252.41,248.62,252.06,247.02,17547785
2021-12-16,252.98,254.45,242.27,242.51,237.66,7726917
2021-12-17,241.77,242.94,237.89,238.40,233.63,27183693
2021-12-20,238.33,242.32,238.25,240.45,235.64,26651334
2021-12-21,240.70,242.39,234.82,235.42,230.71,43431702
2021-12-22,235.52,235.67,230.59,232.01,227.37,40258666
2021-12-23,231.15,233.51,230.32,232.50,227.85,41039872
2021-12-24,232.31,235.45,230.54,234.75,230.06,49515623
2021-12-27,234.19,235.70,232.12,233.18,228.52,42670532
2021-12-28,233.83,238.09,233.81,236.13,231.41,49891700
2021-12-29,236.41,238.25,234.22,234.71,230.02,7676116
2021-12-30,235.08,237.57,233.25,236.93,232.19,12608402
2021-12-31,236.50,238.32,232.02,233.66,228.99,30163008
2022-01-03,233.69,237.62,232.72,236.60,231.87,24893346
2022-01-04,236.63,240.43,236.30,238.53,233.76,41102879
2022-01-05,238.60,239.85,236.79,237.21,232.47,47246001
2022-01-06,237.06,238.54,235.98,238.33,233.56,34208311
2022-01-07,238.62,240.50,229.84,231.33,226.70,15318295
2022-01-10,230.41,237.00,230.05,236.85,232.11,21905259
2022-01-11,236.97,238.91,236.51,237.76,233.00,22357570
2022-01-12,237.57,238.20,233.78,234.56,229.87,12939365
2022-01-13,234.63,238.02,233.39,236.74,232.01,44299488
2022-01-14,236.46,244.44,235.88,243.43,238.56,25223303
2022-01-17,243.64,246.06,241.79,245.50,240.59,30596231
2022-01-18,245.45,246.52,241.02,241.29,236.46,31239066
2022-01-19,241.88,246.32,241.29,244.62,239.73,47550084
2022-01-20,245.45,249.69,243.99,248.10,243.14,30040364
2022-01-21,249.01,252.60,247.26,252.58,247.53,14487439
2022-01-24,252.77,254.00,250.88,252.93,247.87,25447477
2022-01-25,252.35,254.75,250.90,253.27,248.20,19209425
2022-01-26,253.30,253.62,248.24,248.68,243.71,21961213
2022-01-27,248.07,251.92,246.47,251.56,246.53,8649937
2022-01-28,252.55,257.77,251.45,256.85,251.71,24505370
2022-01-31,257.19,257.69,249.35,249.74,244.75,43963114
2022-02-01,249.00,250.31,246.27,246.47,241.54,46575000
2022-02-02,245.61,247.20,244.64,246.81,241.87,27034932
2022-02-03,246.98,248.11,243.80,244.53,239.64,26228758
2022-02-04,245.45,245.79,241.88,242.51,237.66,19866338
2022-02-07,242.06,242.78,240.00,241.36,236.53,27250812
2022-02-08,242.12,243.05,235.68,236.40,231.67,25499865
2022-02-09,236.69,236.85,234.21,234.77,230.07,14395352
2022-02-10,235.55,235.94,233.51,234.98,230.28,47051681
2022-02-11,234.02,237.30,233.96,236.29,231.56,44050009
2022-02-14,236.45,238.55,236.02,237.01,232.27,7459963
2022-02-15,238.01,238.95,231.31,232.86,228.20,29549672
2022-02-16,232.64,234.42,230.36,231.54,226.91,24528623
2022-02-17,230.72,235.07,230.70,234.34,229.65,21031019
2022-02-18,235.04,239.11,233.81,237.50,232.75,16129572
2022-02-21,236.82,238.79,235.69,237.66,232.91,14811252
2022-02-22,238.13,239.10,235.05,235.77,231.05,19684702
2022-02-23,235.30,236.50,233.96,236.03,231.31,39754689
2022-02-24,236.85,237.57,232.60,233.54,228.87,35510605
2022-02-25,233.84,234.56,231.90,234.35,229.66,47517960
2022-02-28,235.01,236.68,233.21,233.74,229.07,41530714
2022-03-01,233.50,234.68,228.93,230.73,226.12,10223584
2022-03-02,230.76,231.51,227.55,229.36,224.77,39653123
2022-03-03,229.05,230.64,222.39,224.16,219.68,5442763
2022-03-04,224.16,227.96,223.83,227.68,223.13,10173303
2022-03-07,226.98,227.29,223.79,224.99,220.49,12941006
2022-03-08,225.31,226.14,224.15,224.81,220.31,12606031
2022-03-09,224.23,224.55,219.38,221.05,216.63,6506328
2022-03-10,220.54,221.81,219.36,221.55,217.12,14041177
2022-03-11,221.69,221.80,220.45,220.97,216.55,17082114
2022-03-14,221.00,221.81,218.41,220.35,215.94,47790135
2022-03-15,220.67,226.22,220.50,225.65,221.14,35145527
2022-03-16,225.86,227.29,224.90,226.35,221.82,19721256
2022-03-17,226.94,230.28,226.58,228.64,224.07,49268278
2022-03-18,228.66,229.00,223.27,224.64,220.15,35431866
2022-03-21,224.40,224.66,223.63,223.66,219.19,40078564
2022-03-22,224.38,225.39,222.16,223.00,218.54,15036881
2022-03-23,223.80,225.00,219.66,221.42,216.99,40663660
2022-03-24,221.43,221.67,219.25,220.21,215.81,13746220
2022-03-25,219.21,225.51,217.85,223.63,219.16,33957261
2022-03-28,223.67,224.41,221.19,221.28,216.85,40555384
2022-03-29,221.24,222.78,213.58,214.28,209.99,43662813
2022-03-30,213.48,217.89,212.53,217.62,213.27,20603675
2022-03-31,217.82,219.93,217.30,218.84,214.46,5367048
2022-04-01,219.26,220.84,217.01,218.17,213.81,12907343
2022-04-04,217.58,219.19,214.27,215.09,210.79,12152678
2022-04-05,214.40,216.07,213.89,214.77,210.47,40977390
2022-04-06,214.32,215.68,210.60,212.11,207.87,32731272
2022-04-07,212.21,214.70,211.85,213.58,209.31,42520151
2022-04-08,213.19,213.88,209.93,211.34,207.11,14265621
2022-04-11,212.05,213.37,209.08,210.58,206.37,34970474
2022-04-12,209.78,213.26,208.21,212.24,208.00,41948544
2022-04-13,212.47,213.84,204.60,204.70,200.61,31112305
2022-04-14,203.88,205.36,202.03,205.07,200.97,34217685
2022-04-15,204.25,205.59,203.51,205.06,200.96,45871235
2022-04-18,206.03,209.30,204.99,208.07,203.91,45095705
2022-04-19,207.18,210.40,206.83,208.85,204.67,38176500
2022-04-20,209.16,210.77,206.39,206.96,202.82,7255485
2022-04-21,207.53,208.82,206.13,207.80,203.64,46284701
2022-04-22,207.28,208.27,206.97,208.27,204.10,23517809
2022-04-25,208.83,209.78,208.04,209.07,204.89,44331174
2022-04-26,209.48,211.32,208.20,209.30,205.11,42521496
2022-04-27,210.13,210.83,207.96,209.89,205.69,23556127
2022-04-28,209.80,211.96,209.79,211.15,206.93,16746385
2022-04-29,210.96,219.47,210.82,219.26,214.87,24746905
2022-05-02,219.29,219.81,217.37,218.45,214.08,43580475
2022-05-03,217.95,220.79,217.20,219.90,215.50,37455852
2022-05-04,220.82,221.74,219.74,220.66,216.25,44381260
2022-05-05,221.38,222.34,214.68,215.20,210.90,30680766
2022-05-06,215.55,216.01,207.72,208.35,204.18,28695889
2022-05-09,208.38,208.40,199.29,200.95,196.93,21660286
2022-05-10,201.45,202.13,199.19,200.30,196.29,16977975
2022-05-11,200.25,204.02,198.46,203.31,199.24,23057370
2022-05-12,204.17,205.82,202.70,205.44,201.33,20761279
2022-05-13,205.91,211.91,205.50,210.16,205.96,18607433
2022-05-16,209.87,214.83,209.63,213.27,209.00,10267211
2022-05-17,213.62,214.95,206.86,208.09,203.93,41337701
2022-05-18,207.83,214.63,206.03,214.00,209.72,43555342
2022-05-19,214.74,215.72,210.47,212.44,208.19,39301597
2022-05-20,212.59,212.70,210.48,212.08,207.84,37099516
2022-05-23,212.96,214.43,212.27,214.36,210.07,16730653
2022-05-24,214.40,215.03,212.83,212.85,208.59,19143353
2022-05-25,212.61,213.54,211.89,213.34,209.07,22428223
2022-05-26,212.88,216.29,212.19,214.37,210.08,17342237
2022-05-27,214.37,217.17,212.97,216.75,212.41,29985276
2022-05-30,216.65,217.79,212.68,214.64,210.35,20338854
2022-05-31,215.27,218.59,213.66,217.15,212.81,42268239
2022-06-01,216.44,218.36,214.01,214.31,210.02,5653794
2022-06-02,213.66,216.67,211.67,215.67,211.36,47322338
2022-06-03,216.24,216.84,209.48,210.60,206.39,43106729
2022-06-06,209.70,210.33,209.37,210.13,205.93,19459767
2022-06-07,210.39,212.49,209.72,211.59,207.36,29223751
2022-06-08,211.31,212.42,206.71,208.33,204.16,28094863
2022-06-09,209.06,211.90,208.66,209.97,205.77,43647622
2022-06-10,210.27,211.35,208.27,210.23,206.03,24099768
2022-06-13,210.20,211.67,205.62,207.40,203.25,30573241
2022-06-14,207.63,212.07,205.72,211.14,206.92,16245803
2022-06-15,210.98,212.20,205.78,206.59,202.46,9787820
2022-06-16,205.75,206.44,200.52,201.15,197.13,48822967
2022-06-17,201.44,201.98,199.71,200.60,196.59,29371579
2022-06-20,201.10,203.99,200.20,202.95,198.89,16228528
2022-06-21,203.41,204.73,201.40,203.28,199.21,10373053
2022-06-22,202.70,204.73,202.51,203.94,199.86,36754961
2022-06-23,203.73,205.26,203.16,203.33,199.26,22612873
2022-06-24,203.57,203.74,201.32,203.18,199.12,31162136
2022-06-27,202.75,204.00,202.14,202.40,198.35,16449308
2022-06-28,201.46,205.92,199.74,204.59,200.50,26823890
2022-06-29,205.33,208.79,204.23,206.92,202.78,14067407
2022-06-30,207.86,209.26,204.01,204.36,200.27,45103196
2022-07-01,205.11,205.98,198.23,199.51,195.52,40821646
2022-07-04,199.13,201.60,198.05,200.91,196.89,11009868
2022-07-05,200.43,201.04,198.28,198.28,194.31,14146968
2022-07-06,197.97,200.29,197.95,199.35,195.36,38012974
2022-07-07,198.37,203.49,197.78,202.63,198.58,20516602
2022-07-08,203.22,204.32,201.18,201.56,197.53,42618166
2022-07-11,201.99,203.28,197.84,199.50,195.51,19803707
2022-07-12,199.03,201.27,198.55,200.43,196.42,46152243
2022-07-13,200.00,203.60,198.38,202.11,198.07,32709510
2022-07-14,201.49,201.63,197.59,197.86,193.90,12405889
2022-07-15,197.40,198.65,194.85,195.23,191.33,6301603
2022-07-18,194.53,196.47,192.17,192.21,188.37,11863457
2022-07-19,192.09,192.11,191.79,191.97,188.13,5988167
2022-07-20,191.96,194.17,191.34,193.49,189.62,38446772
2022-07-21,194.07,197.45,192.38,196.79,192.85,14803788
2022-07-22,195.90,198.36,195.76,196.81,192.87,36551016
2022-07-25,196.31,200.24,196.28,199.48,195.49,21707581
2022-07-26,199.25,207.27,198.76,205.32,201.21,7248837
2022-07-27,204.51,208.29,204.09,206.96,202.82,31113599
2022-07-28,207.32,212.45,206.67,211.83,207.59,47222498
2022-07-29,211.93,212.17,210.22,211.18,206.96,25053006
2022-08-01,210.58,212.36,204.33,206.06,201.94,19615521
2022-08-02,205.93,208.39,204.34,208.36,204.19,44238342
2022-08-03,207.60,209.62,207.58,208.04,203.88,7818127
2022-08-04,208.42,208.73,202.39,203.93,199.85,21691468
2022-08-05,203.25,203.43,200.47,201.71,197.68,46951920
2022-08-08,201.02,205.48,200.81,204.41,200.32,37738581
2022-08-09,203.88,207.49,202.30,205.53,201.42,28308098
2022-08-10,204.92,208.10,204.20,206.72,202.59,14041723
2022-08-11,206.22,206.30,202.24,203.65,199.58,42515518
2022-08-12,203.03,203.40,201.70,202.40,198.35,36433437
2022-08-15,201.95,208.63,200.12,206.97,202.83,42213228
2022-08-16,206.87,210.71,205.79,209.07,204.89,35472724
2022-08-17,208.07,213.68,207.31,212.40,208.15,17450995
2022-08-18,212.13,216.99,211.49,215.75,211.44,9250793
2022-08-19,216.07,217.15,212.02,212.79,208.53,40169726
2022-08-22,212.10,212.67,209.82,210.64,206.43,26610668
2022-08-23,209.86,210.91,205.66,205.79,201.67,13709003
2022-08-24,205.00,206.57,204.94,206.19,202.07,48067225
2022-08-25,206.86,208.27,205.81,206.95,202.81,44614423
2022-08-26,207.16,207.30,205.04,206.90,202.76,19008176
2022-08-29,207.21,211.78,205.55,209.92,205.72,36410917
2022-08-30,210.04,212.21,209.21,210.33,206.12,29767777
2022-08-31,210.92,211.04,208.10,209.33,205.14,40501987
2022-09-01,208.94,212.44,207.02,210.55,206.34,11517562
2022-09-02,209.75,211.38,208.98,210.92,206.70,17960026
2022-09-05,211.17,211.53,207.12,208.62,204.45,32862566
2022-09-06,209.11,210.64,207.14,208.29,204.12,35784217
2022-09-07,207.50,209.08,206.28,207.38,203.23,38869359
2022-09-08,207.06,207.38,202.30,204.30,200.21,34730043
2022-09-09,204.40,212.39,202.71,210.40,206.19,32671889
2022-09-12,210.93,211.79,206.25,207.70,203.55,45829930
2022-09-13,207.45,209.09,205.96,207.99,203.83,29159764
2022-09-14,208.91,212.85,208.12,211.96,207.72,7326187
2022-09-15,212.00,218.27,211.40,216.28,211.95,25155070
2022-09-16,217.25,217.68,215.25,215.88,211.56,23519169
2022-09-19,216.02,220.47,215.83,219.33,214.94,35894894
2022-09-20,219.04,219.32,216.75,217.48,213.13,44067808
2022-09-21,217.08,218.69,215.94,217.55,213.20,19591968
2022-09-22,218.02,221.58,216.43,220.13,215.73,16603289
2022-09-23,220.54,222.18,212.95,213.14,208.88,48100978
2022-09-26,212.74,215.17,211.59,213.71,209.44,10266528
2022-09-27,213.38,216.90,212.51,215.14,210.84,13089337
2022-09-28,215.88,216.33,206.74,208.05,203.89,45419778
2022-09-29,208.31,212.21,207.26,212.10,207.86,26428970
2022-09-30,212.18,212.48,209.21,210.21,206.01,19817447
2022-10-03,211.20,214.91,209.69,212.97,208.71,43604699
2022-10-04,212.98,217.40,212.40,216.96,212.62,31462528
2022-10-05,216.91,220.28,215.81,218.79,214.41,22619967
2022-10-06,217.96,222.24,216.41,221.24,216.82,13749329
2022-10-07,220.64,222.38,219.50,221.59,217.16,42659320
2022-10-10,221.82,223.29,217.37,217.86,213.50,9807946
2022-10-11,218.23,219.38,217.34,217.57,213.22,32755021
2022-10-12,217.42,221.78,216.78,221.08,216.66,44854420
2022-10-13,220.42,221.12,216.32,217.96,213.60,34676217
2022-10-14,218.21,219.09,211.53,213.38,209.11,20669221
2022-10-17,213.90,216.12,213.68,214.41,210.12,8659984
2022-10-18,213.90,218.67,213.60,217.43,213.08,24306219
2022-10-19,216.65,223.39,216.60,222.49,218.04,19026392
2022-10-20,222.97,223.42,221.88,223.00,218.54,22358244
2022-10-21,223.98,225.37,217.27,218.61,214.24,30273645
2022-10-24,218.78,220.11,217.20,217.29,212.94,16429958
2022-10-25,217.68,219.92,216.75,219.38,214.99,5559297
2022-10-26,218.51,221.58,217.18,220.26,215.85,49298586
2022-10-27,219.84,221.61,218.55,219.32,214.93,30548425
2022-10-28,219.34,222.02,217.53,220.60,216.19,37525126
2022-10-31,219.97,224.40,219.05,223.40,218.93,6442066
2022-11-01,222.48,224.32,219.79,220.40,215.99,37878836
2022-11-02,220.09,220.79,217.70,218.95,214.57,20851433
2022-11-03,219.94,222.17,219.39,220.21,215.81,9161400
2022-11-04,220.99,222.62,215.44,215.50,211.19,42241349
2022-11-07,216.40,216.85,210.17,210.85,206.63,31363488
2022-11-08,210.61,212.53,208.94,210.16,205.96,46978245
2022-11-09,210.53,211.36,207.95,209.10,204.92,33619581
2022-11-10,208.76,217.00,208.35,215.92,211.60,14299713
2022-11-11,216.08,217.45,214.28,214.68,210.39,14268381
2022-11-14,214.73,215.00,210.93,212.92,208.66,14741012
2022-11-15,213.23,218.77,212.91,217.64,213.29,9550923
2022-11-16,216.88,217.52,208.50,210.26,206.05,6978593
2022-11-17,210.79,212.55,206.78,207.61,203.46,32598638
2022-11-18,208.25,209.52,204.50,205.98,201.86,15197665
2022-11-21,206.54,211.08,206.17,210.87,206.65,46069389
2022-11-22,211.09,212.28,207.27,207.73,203.58,6750500
2022-11-23,207.45,208.83,203.99,204.94,200.84,38710432
2022-11-24,205.24,207.34,204.47,206.97,202.83,36799328
2022-11-25,206.25,206.64,204.10,204.16,200.08,6007589
2022-11-28,203.61,212.25,203.20,210.91,206.69,18727930
2022-11-29,210.04,211.89,205.50,207.47,203.32,46410152
2022-11-30,207.39,207.88,203.97,204.78,200.68,7806913
2022-12-01,205.00,206.66,203.56,205.01,200.91,31451006
2022-12-02,205.20,206.25,199.45,201.20,197.18,7584494
2022-12-05,201.24,202.14,196.41,198.06,194.10,7846483
2022-12-06,198.14,201.69,198.06,199.72,195.73,30997829
2022-12-07,199.75,201.01,198.12,198.22,194.26,24540716
2022-12-08,198.77,199.34,192.21,192.54,188.69,24758173
2022-12-09,192.77,194.93,191.74,194.82,190.92,14545539
2022-12-12,194.00,195.00,190.42,190.78,186.96,44288731
2022-12-13,191.66,193.16,191.39,191.77,187.93,32753495
2022-12-14,191.68,193.47,189.75,191.54,187.71,35513273
2022-12-15,190.72,192.83,189.42,192.18,188.34,16005452
2022-12-16,191.41,192.85,190.68,191.95,188.11,40152784
2022-12-19,192.36,193.81,188.61,190.56,186.75,46075492
2022-12-20,190.32,194.81,188.50,193.27,189.40,42949497
2022-12-21,194.01,195.74,192.13,192.45,188.60,14704436
2022-12-22,192.29,195.10,190.75,194.48,190.59,34947883
2022-12-23,194.06,199.05,192.26,198.69,194.72,18613147
2022-12-26,197.71,204.82,196.71,203.82,199.74,5385912
2022-12-27,204.04,205.03,203.57,204.00,199.92,49256324
2022-12-28,203.16,204.36,200.46,200.95,196.93,41731473
2022-12-29,200.51,202.74,198.87,201.48,197.45,18934323
2022-12-30,201.79,203.24,200.08,203.17,199.11,49761380
2023-01-02,203.33,204.96,202.67,203.75,199.67,10885627
2023-01-03,203.11,208.18,201.89,206.84,202.70,44927692
2023-01-04,206.98,209.00,205.05,207.88,203.72,43853770
2023-01-05,208.42,209.07,205.60,207.40,203.25,9541033
2023-01-06,207.92,209.80,207.79,208.11,203.95,36595983
2023-01-09,207.66,212.41,206.61,211.36,207.13,19029173
2023-01-10,211.58,215.30,210.12,215.08,210.78,47210039
2023-01-11,215.53,216.74,212.21,213.79,209.51,24272813
2023-01-12,213.64,215.34,213.09,213.61,209.34,43597172
2023-01-13,212.87,217.80,211.83,216.67,212.34,47403246
2023-01-16,216.67,218.29,214.87,216.64,212.31,20617684
2023-01-17,215.64,215.69,213.13,214.38,210.09,12913861
2023-01-18,214.85,215.26,204.56,205.79,201.67,32825488
2023-01-19,205.91,207.19,203.45,203.47,199.40,18501440
2023-01-20,203.85,205.46,203.71,204.95,200.85,25151717
2023-01-23,203.96,205.33,201.61,202.29,198.24,43179678
2023-01-24,202.52,202.58,201.89,202.24,198.20,27180474
2023-01-25,202.20,206.70,202.13,205.75,201.63,14110289
2023-01-26,205.71,206.96,198.00,199.78,195.78,41035281
2023-01-27,200.41,204.35,200.30,202.49,198.44,39968632
2023-01-30,202.09,203.54,199.86,200.49,196.48,40962665
2023-01-31,200.15,206.30,198.56,204.47,200.38,9443481
2023-02-01,205.41,205.97,204.94,205.00,200.90,30181982
2023-02-02,205.14,205.92,199.73,200.92,196.90,25688415
2023-02-03,201.33,201.96,196.78,196.84,192.90,32774316
2023-02-06,196.58,203.73,195.97,202.07,198.03,40238892
2023-02-07,201.67,205.57,200.10,205.35,201.24,18562594
2023-02-08,204.40,209.24,203.40,208.27,204.10,17764889
2023-02-09,207.95,208.92,204.83,206.58,202.45,25827820
2023-02-10,207.32,208.96,205.04,206.92,202.78,13906497
2023-02-13,206.33,206.40,204.50,205.28,201.17,40053971
2023-02-14,204.37,209.03,202.63,207.33,203.18,27366696
2023-02-15,207.26,209.27,206.22,209.18,205.00,49223686
2023-02-16,209.70,210.98,208.80,209.22,205.04,18459052
2023-02-17,208.61,209.16,207.97,208.61,204.44,34602768
2023-02-20,207.92,208.15,205.57,207.49,203.34,42555849
2023-02-21,207.52,207.93,204.67,205.37,201.26,26373160
2023-02-22,205.98,207.13,204.12,204.46,200.37,25896194
2023-02-23,204.69,212.48,203.80,211.80,207.56,13729118
2023-02-24,210.90,219.39,210.73,218.62,214.25,31301088
2023-02-27,217.98,221.16,216.79,219.97,215.57,34919565
2023-02-28,220.60,222.03,216.57,217.91,213.55,40801567
2023-03-01,217.07,218.92,214.56,216.09,211.77,43103695
2023-03-02,216.93,221.11,216.02,220.17,215.77,48246200
2023-03-03,220.59,225.62,220.13,224.69,220.20,20018591
2023-03-06,224.21,229.92,223.84,229.19,224.61,49639515
2023-03-07,228.85,236.72,228.20,235.00,230.30,37716023
2023-03-08,234.70,239.92,234.36,239.00,234.22,28395186
2023-03-09,239.21,240.09,239.00,239.84,235.04,12179393
2023-03-10,240.42,241.49,236.72,237.52,232.77,32745616
2023-03-13,237.00,242.66,236.68,242.17,237.33,37371615
2023-03-14,242.80,243.98,238.20,239.77,234.97,34216092
2023-03-15,239.90,242.71,238.51,242.03,237.19,16615568
2023-03-16,242.89,244.04,240.37,241.34,236.51,44739395
2023-03-17,241.53,242.18,239.97,240.17,235.37,34877955
2023-03-20,239.31,244.49,237.68,244.27,239.38,30428287
2023-03-21,243.92,253.82,243.80,252.53,247.48,19603678
2023-03-22,253.34,257.11,253.34,255.84,250.72,14846571
2023-03-23,256.16,257.07,248.02,248.60,243.63,46310348
2023-03-24,248.96,249.59,245.36,246.50,241.57,25438013
2023-03-27,247.34,249.21,243.99,245.43,240.52,28103207
2023-03-28,245.65,251.38,243.95,250.36,245.35,24742398
2023-03-29,249.48,251.93,247.54,250.13,245.13,5056593
2023-03-30,249.85,251.57,246.47,248.20,243.24,20786767
2023-03-31,248.06,249.24,240.42,241.67,236.84,30688576
2023-04-03,241.09,241.44,238.24,238.52,233.75,42273711
2023-04-04,238.29,242.57,236.61,240.72,235.91,15352702
2023-04-05,239.97,239.99,237.74,239.04,234.26,14663400
2023-04-06,239.48,247.15,238.61,246.18,241.26,14111756
2023-04-07,246.01,251.73,244.43,250.82,245.80,45562577
2023-04-10,251.68,254.88,250.77,253.63,248.56,33462525
2023-04-11,253.34,253.71,248.56,249.77,244.77,43784796
2023-04-12,249.77,251.23,247.11,248.53,243.56,23069091
2023-04-13,248.26,250.22,243.49,244.63,239.74,29734891
2023-04-14,243.86,248.11,242.48,247.15,242.21,14535329
2023-04-17,247.87,249.37,246.10,246.66,241.73,39691897
2023-04-18,245.82,247.60,242.07,242.25,237.41,36705688
2023-04-19,242.59,243.96,237.59,238.67,233.90,43898206
2023-04-20,238.29,238.40,234.18,234.87,230.17,5723661
2023-04-21,234.81,236.28,229.96,230.80,226.18,24771475
2023-04-24,230.38,231.75,228.53,231.68,227.05,25405848
2023-04-25,230.80,232.05,230.46,231.10,226.48,8464151
2023-04-26,231.41,231.99,225.28,226.75,222.22,6831943
2023-04-27,226.76,228.46,225.93,226.49,221.96,13894525
2023-04-28,226.72,228.48,226.21,227.93,223.37,12485953
2023-05-01,228.41,229.73,221.29,222.03,217.59,16770852
2023-05-02,221.55,222.95,216.69,217.66,213.31,40392466
2023-05-03,216.83,219.95,214.96,219.66,215.27,15344851
2023-05-04,220.34,221.85,216.59,217.42,213.07,30713901
2023-05-05,217.70,218.17,216.23,217.75,213.40,28157639
2023-05-08,216.86,221.85,215.22,221.32,216.89,8524772
2023-05-09,220.92,224.53,219.42,223.04,218.58,40736868
2023-05-10,222.51,227.41,221.73,226.04,221.52,22624475
2023-05-11,225.06,232.15,224.16,230.30,225.69,26185504
2023-05-12,231.22,237.26,231.14,235.89,231.17,40654493
2023-05-15,235.75,237.59,228.49,230.21,225.61,27479282
2023-05-16,229.75,231.35,223.20,223.71,219.24,44203443
2023-05-17,224.21,225.68,218.12,219.30,214.91,18081241
2023-05-18,219.34,224.31,217.35,222.95,218.49,26023182
2023-05-19,223.61,223.63,218.04,218.24,213.88,11973099
2023-05-22,218.61,219.31,215.41,216.86,212.52,21904461
2023-05-23,216.04,219.05,214.73,217.17,212.83,19550860
2023-05-24,218.07,219.35,216.48,217.90,213.54,13051527
2023-05-25,217.65,223.31,216.35,221.78,217.34,17399611
2023-05-26,222.57,225.58,222.06,224.19,219.71,36336858
2023-05-29,224.10,226.09,222.01,223.55,219.08,49800481
2023-05-30,224.09,224.74,222.17,222.49,218.04,9965858
2023-05-31,222.27,224.34,221.75,222.35,217.90,22761357
2023-06-01,221.71,223.74,219.75,223.60,219.13,18466676
2023-06-02,223.58,223.87,220.51,222.05,217.61,19655669
2023-06-05,222.28,222.49,219.90,220.78,216.36,22380944
2023-06-06,220.92,222.37,220.03,221.87,217.43,38400174
2023-06-07,221.17,224.00,219.30,222.72,218.27,49600942
2023-06-08,222.38,223.16,221.30,221.31,216.88,37928940
2023-06-09,221.27,223.40,219.81,222.59,218.14,9704310
2023-06-12,223.50,225.14,221.43,222.39,217.94,43067092
2023-06-13,222.46,224.44,221.72,222.39,217.94,25322448
2023-06-14,223.31,223.49,217.56,218.63,214.26,27821227
2023-06-15,217.79,222.33,216.26,221.41,216.98,48472623
2023-06-16,222.35,224.02,221.75,222.70,218.25,31179484
2023-06-19,223.49,228.09,222.77,226.83,222.29,10695024
2023-06-20,226.21,229.71,226.16,229.64,225.05,44791894
2023-06-21,229.12,229.90,225.68,227.27,222.72,48178355
2023-06-22,227.94,228.84,223.85,225.84,221.32,7485892
2023-06-23,225.52,230.50,224.08,229.82,225.22,32213171
2023-06-26,230.15,235.42,228.79,234.50,229.81,41008025
2023-06-27,233.80,240.05,231.95,238.89,234.11,7474818
2023-06-28,237.93,240.39,236.69,238.58,233.81,21286150
2023-06-29,238.98,239.24,234.18,234.52,229.83,8352624
2023-06-30,233.71,241.20,232.04,239.98,235.18,9292122
2023-07-03,240.62,240.83,235.30,236.29,231.56,46314131
2023-07-04,236.14,239.16,234.18,237.54,232.79,31978341
2023-07-05,237.19,245.89,236.04,243.94,239.06,14216020
2023-07-06,243.37,243.46,239.55,239.90,235.10,9242749
2023-07-07,239.14,248.63,238.31,248.35,243.38,29825403
2023-07-10,249.20,249.28,244.44,244.64,239.75,47425862
2023-07-11,244.86,246.42,243.38,243.41,238.54,37679834
2023-07-12,244.26,245.67,242.68,243.87,238.99,24040901
2023-07-13,243.70,245.77,242.15,244.16,239.28,13515606
2023-07-14,244.21,246.48,242.33,245.66,240.75,45972510
2023-07-17,246.04,251.99,244.61,250.80,245.78,46073967
2023-07-18,251.37,256.60,251.36,255.90,250.78,20813466
2023-07-19,255.28,257.25,252.37,254.32,249.23,46535081
2023-07-20,254.40,254.84,248.68,250.22,245.22,49246696
2023-07-21,249.64,255.25,249.41,255.14,250.04,15013811
2023-07-24,255.09,255.44,249.89,251.23,246.21,7893439
2023-07-25,250.34,251.07,241.78,242.20,237.36,21869945
2023-07-26,242.72,242.81,237.47,238.95,234.17,41061662
2023-07-27,238.30,246.19,237.33,244.62,239.73,12788996
2023-07-28,244.51,248.28,243.67,247.12,242.18,26856347
2023-07-31,246.58,248.58,246.12,248.36,243.39,20912743
2023-08-01,248.11,248.55,246.92,247.86,242.90,37508051
2023-08-02,246.97,247.84,240.02,240.45,235.64,45898393
2023-08-03,239.72,241.16,235.83,237.09,232.35,23098893
2023-08-04,236.49,238.39,235.11,238.14,233.38,9003159
2023-08-07,238.07,238.91,236.36,237.88,233.12,19754122
2023-08-08,238.65,240.86,237.07,239.65,234.86,47815402
2023-08-09,239.81,248.30,239.35,247.19,242.25,32628460
2023-08-10,247.90,248.88,242.92,244.91,240.01,44700320
2023-08-11,243.94,244.80,239.20,240.95,236.13,21631686
2023-08-14,240.60,242.85,238.82,241.69,236.86,44713121
2023-08-15,242.49,250.18,242.40,249.34,244.35,36584963
2023-08-16,249.81,250.82,245.82,246.67,241.74,31462377
2023-08-17,247.31,248.21,239.70,240.18,235.38,42479425
2023-08-18,240.69,242.48,239.88,241.09,236.27,19630167
2023-08-21,241.39,243.38,240.43,243.20,238.34,25457238
2023-08-22,242.52,246.46,241.38,245.54,240.63,44168767
2023-08-23,246.08,251.37,245.27,249.62,244.63,29858496
2023-08-24,249.87,251.74,249.87,250.33,245.32,47097727
2023-08-25,250.00,257.65,249.15,257.58,252.43,23105258
2023-08-28,257.98,262.40,256.83,261.17,255.95,18901361
2023-08-29,261.93,263.40,261.52,261.63,256.40,29426990
2023-08-30,262.41,262.63,259.41,260.14,254.94,46549342
2023-08-31,260.44,265.23,259.32,263.82,258.54,18738029
2023-09-01,263.10,265.53,262.02,264.86,259.56,48556229
2023-09-04,265.02,266.94,255.20,255.62,250.51,20128836
2023-09-05,255.26,258.72,254.25,256.92,251.78,33382293
2023-09-06,256.61,257.73,255.56,256.76,251.62,13234890
2023-09-07,256.70,259.27,255.05,258.21,253.05,24613528
2023-09-08,258.56,259.95,252.78,254.74,249.65,9404193
2023-09-11,254.12,257.67,253.95,255.90,250.78,31218258
2023-09-12,256.81,258.73,256.26,258.51,253.34,14929027
2023-09-13,258.50,260.25,255.63,256.67,251.54,47095793
2023-09-14,257.03,262.56,256.08,260.70,255.49,33194445
2023-09-15,260.59,262.64,260.01,261.35,256.12,9224470
2023-09-18,262.02,269.46,261.35,268.42,263.05,43836208
2023-09-19,268.11,270.79,267.46,269.50,264.11,44819531
2023-09-20,269.60,270.52,265.94,267.07,261.73,25568531
2023-09-21,266.41,266.93,261.93,262.90,257.64,24337170
2023-09-22,262.61,264.04,262.28,263.13,257.87,15790426
2023-09-25,263.55,264.12,260.04,261.99,256.75,49718391
2023-09-26,261.22,264.70,260.07,262.71,257.46,34587535
2023-09-27,262.23,262.60,259.42,260.54,255.33,7327945
2023-09-28,259.84,260.74,253.20,255.15,250.05,40812172
2023-09-29,254.75,256.59,245.30,246.11,241.19,38515301
2023-10-02,246.97,247.54,245.03,247.23,242.29,41651209
2023-10-03,248.18,248.84,236.94,238.35,233.58,36803606
2023-10-04,238.86,247.91,237.53,245.92,241.00,42932044
2023-10-05,246.38,248.22,239.39,240.07,235.27,12537373
2023-10-06,239.35,240.45,238.63,239.25,234.47,31952927
2023-10-09,239.49,239.93,230.96,231.67,227.04,26902083
2023-10-10,231.84,236.86,229.97,236.42,231.69,23651376
2023-10-11,235.81,238.38,234.11,238.21,233.45,10863766
2023-10-12,238.19,243.03,237.17,241.82,236.98,8761291
2023-10-13,242.64,243.36,241.04,241.34,236.51,33698466
2023-10-16,240.91,241.61,237.06,239.02,234.24,42650288
2023-10-17,238.20,243.08,237.31,241.62,236.79,32891099
2023-10-18,242.23,244.62,241.38,242.68,237.83,32796074
2023-10-19,241.96,243.13,239.75,239.92,235.12,18944134
2023-10-20,239.97,240.64,234.60,236.47,231.74,44639789
2023-10-23,236.98,246.72,236.16,246.54,241.61,23342789
2023-10-24,246.96,248.47,242.30,242.57,237.72,17482679
2023-10-25,243.23,245.59,242.25,245.01,240.11,25266400
2023-10-26,245.13,247.60,245.08,246.67,241.74,5164193
2023-10-27,245.98,246.58,242.75,244.03,239.15,47718874
2023-10-30,244.82,245.65,237.87,238.85,234.07,48270845
2023-10-31,238.34,240.06,237.79,239.82,235.02,9477827
